time,latitude,longitude,EL(%),RPM,SPD(km/h),MAF(g/S),TPS(%),1/ϕ,APP(%),KM,LFT(%),IAT(℃),batter(V)
2021-07-16 11:03:21,23.031101,120.23647,35.0,700,0,3.6,4.31,1.024,0.0,2115,-7.03125,56,12.4
2021-07-16 11:03:22,23.031101,120.23647,36.0,700,0,3.6,4.71,1.024,0.0,2115,-7.03125,56,12.4
2021-07-16 11:03:24,23.031103,120.23646,37.0,713,0,3.4,4.71,1.024,0.0,2115,-7.03125,56,12.64
2021-07-16 11:03:26,23.031103,120.23646,38.0,700,0,3.9,4.71,1.024,0.0,2115,-7.03125,56,12.56
2021-07-16 11:03:27,23.031103,120.23646,39.0,700,0,3.8,4.71,0.99224806,0.0,2115,-7.03125,56,12.48
2021-07-16 11:03:29,23.031105,120.23645,40.0,700,0,3.9,4.71,1.0,0.0,2115,-7.03125,56,12.64
2021-07-16 11:03:31,23.031105,120.23645,40.0,700,0,3.9,4.71,1.0,0.0,2115,-7.03125,56,12.8
2021-07-16 11:03:32,23.031105,120.23645,40.0,688,0,4.0,5.1,1.0,0.0,2115,-7.03125,56,13.2
2021-07-16 11:03:34,23.031109,120.23644,41.0,713,0,3.8,5.1,1.0,0.0,2115,-7.03125,56,13.12
2021-07-16 11:03:36,23.031109,120.23644,40.0,713,0,3.6,4.71,1.0,0.0,2115,-7.03125,56,13.04
2021-07-16 11:03:37,23.031109,120.23644,40.0,700,0,3.6,4.71,1.00787402,0.0,2115,-7.03125,56,13.2
2021-07-16 11:03:39,23.031113,120.23644,40.0,713,0,3.7,4.71,1.0,0.0,2115,-7.03125,56,13.2
2021-07-16 11:03:41,23.031113,120.23644,53.0,988,0,8.4,9.8,1.0,16.47,2115,-4.6875,56,13.12
2021-07-16 11:03:42,23.031113,120.23644,48.0,1363,6,18.2,11.37,1.0,32.94,2115,-3.90625,56,13.2
2021-07-16 11:03:44,23.031078,120.23637,78.0,2038,18,22.5,24.31,1.00787402,29.8,2115,-3.125,57,13.12
2021-07-16 11:03:46,23.031078,120.23637,78.0,2125,24,5.8,14.9,0.99224806,6.67,2115,-4.6875,57,12.96
2021-07-16 11:03:47,23.031078,120.23637,65.0,1300,28,14.6,16.47,0.99224806,21.57,2115,-4.6875,57,13.2
2021-07-16 11:03:49,23.030912,120.23605,75.0,1613,30,7.2,14.51,1.0,9.41,2115,-4.6875,57,13.12
2021-07-16 11:03:51,23.030912,120.23605,46.0,1225,34,2.8,5.49,0.99224806,0.0,2115,-4.6875,57,14.56
2021-07-16 11:03:52,23.030912,120.23605,18.0,1425,32,3.0,3.92,0.8707483,0.0,2115,-7.03125,58,14.48
2021-07-16 11:03:54,23.030697,120.23569,22.0,963,28,4.8,5.49,1.024,0.0,2115,-4.6875,58,14.4
2021-07-16 11:03:56,23.030697,120.23569,33.0,1025,24,4.5,5.49,1.024,0.0,2115,-4.6875,58,14.24
2021-07-16 11:03:57,23.030697,120.23569,31.0,1388,18,16.7,13.33,1.024,34.51,2115,-3.125,57,12.64
2021-07-16 11:03:59,23.030552,120.23543,73.0,2088,22,24.6,23.92,1.024,42.75,2115,-2.34375,57,12.24
2021-07-16 11:04:01,23.030552,120.23543,82.0,2550,34,30.8,34.51,1.0,42.75,2115,-2.34375,57,12.08
2021-07-16 11:04:02,23.030552,120.23543,80.0,3013,40,34.8,36.47,1.0,41.18,2115,-2.34375,55,12.16
2021-07-16 11:04:04,23.030315,120.235,71.0,3575,52,46.6,39.61,1.00787402,41.18,2115,-2.34375,53,12.16
2021-07-16 11:04:06,23.030315,120.235,76.0,2975,58,3.6,23.92,0.0,0.0,2115,-6.25,53,14.0
2021-07-16 11:04:07,23.030315,120.235,13.0,1200,56,3.2,3.92,0.0,0.0,2115,-4.6875,53,14.56
2021-07-16 11:04:09,23.029957,120.23433,18.0,1213,52,2.9,3.53,0.0,0.0,2115,-4.6875,53,14.64
2021-07-16 11:04:11,23.029957,120.23433,16.0,1225,40,4.6,5.49,0.0,0.0,2115,-4.6875,53,14.56
2021-07-16 11:04:12,23.029957,120.23433,25.0,1263,36,4.0,5.1,0.0,0.0,2115,-4.6875,53,14.64
2021-07-16 11:04:14,23.029694,120.23384,22.0,1238,32,2.8,3.53,0.0,0.0,2115,-4.6875,54,14.64
2021-07-16 11:04:16,23.029694,120.23384,15.0,1275,28,2.8,3.53,0.0,0.0,2115,-4.6875,54,14.56
2021-07-16 11:04:18,23.029533,120.23357,17.0,1238,26,4.3,6.67,1.12280702,1.18,2115,-4.6875,54,14.08
2021-07-16 11:04:20,23.029533,120.23357,27.0,1138,24,5.1,5.88,1.12280702,10.59,2115,-4.6875,54,13.04
2021-07-16 11:04:21,23.029533,120.23357,48.0,1563,26,7.1,10.98,0.99224806,7.45,2115,-4.6875,54,13.04
2021-07-16 11:04:23,23.029356,120.23328,41.0,1100,26,3.8,4.71,0.99224806,0.0,2115,-7.03125,54,12.64
2021-07-16 11:04:25,23.029356,120.23328,29.0,938,24,3.3,4.31,0.99224806,0.0,2115,-7.03125,54,12.4
2021-07-16 11:04:26,23.029356,120.23328,25.0,950,24,3.4,4.31,1.00787402,8.63,2115,-4.6875,54,12.4
2021-07-16 11:04:28,23.029182,120.233,45.0,1550,24,16.0,12.94,0.99224806,29.02,2115,-3.125,54,12.24
2021-07-16 11:04:30,23.029182,120.233,66.0,1875,26,18.7,18.43,1.0,30.98,2115,-3.125,54,12.16
2021-07-16 11:04:31,23.029182,120.233,74.0,1838,34,12.2,11.76,1.00787402,18.43,2115,-4.6875,54,13.04
2021-07-16 11:04:33,23.028954,120.23269,60.0,1513,36,3.3,14.12,0.99224806,0.0,2115,-4.6875,54,14.56
2021-07-16 11:04:35,23.028954,120.23269,17.0,1238,36,3.0,3.53,0.0,0.0,2115,-4.6875,55,14.64
2021-07-16 11:04:36,23.028954,120.23269,16.0,1188,32,2.9,3.53,1.12280702,0.0,2115,-4.6875,55,13.68
2021-07-16 11:04:38,23.028721,120.23228,20.0,988,24,2.8,3.53,1.12280702,0.0,2115,-4.6875,55,12.88
2021-07-16 11:04:40,23.028721,120.23228,19.0,1050,22,11.8,3.53,1.12280702,20.0,2115,-3.125,55,13.12
2021-07-16 11:04:42,23.028608,120.23203,56.0,1788,24,3.3,4.71,0.98461538,0.0,2115,-7.03125,54,12.08
2021-07-16 11:04:44,23.028608,120.23203,28.0,938,16,5.1,4.31,1.0,18.04,2115,-4.6875,54,12.72
2021-07-16 11:04:45,23.028608,120.23203,56.0,1713,16,28.6,18.43,1.01587302,44.31,2115,-2.34375,54,12.08
2021-07-16 11:04:47,23.028471,120.23179,76.0,2475,28,21.4,20.39,1.0,31.37,2115,-3.125,54,12.08
2021-07-16 11:04:49,23.028471,120.23179,73.0,2013,34,4.7,15.69,0.99224806,0.0,2115,-4.6875,55,13.84
2021-07-16 11:04:50,23.028471,120.23179,23.0,1375,32,3.5,4.31,0.0,0.0,2115,-4.6875,55,14.64
2021-07-16 11:04:52,23.028471,120.23179,18.0,1238,26,3.1,3.92,0.0,0.0,2115,-4.6875,55,14.56
2021-07-16 11:04:53,23.028471,120.23179,16.0,1275,22,2.9,3.53,0.0,0.0,2115,-4.6875,55,13.36
2021-07-16 11:04:55,23.028471,120.23179,16.0,1263,20,2.8,3.53,0.8707483,6.27,2115,-4.6875,55,13.04
2021-07-16 11:04:57,23.028101,120.23119,15.0,1350,20,12.4,13.33,1.12280702,14.9,2115,-4.6875,54,12.96
2021-07-16 11:04:59,23.028101,120.23119,69.0,1413,22,5.2,5.1,0.99224806,6.27,2115,-4.6875,54,13.12
2021-07-16 11:05:00,23.028101,120.23119,25.0,1238,24,6.8,7.84,0.99224806,8.63,2115,-4.6875,54,12.96
2021-07-16 11:05:02,23.027948,120.23092,41.0,1225,24,3.8,4.71,0.99224806,0.0,2115,-7.03125,54,12.8
2021-07-16 11:05:04,23.027948,120.23092,30.0,1013,18,3.4,4.31,1.0,0.0,2115,-7.03125,54,12.24
2021-07-16 11:05:06,23.027834,120.23074,25.0,988,14,6.2,6.27,1.00787402,14.12,2115,-4.6875,54,12.96
2021-07-16 11:05:08,23.027834,120.23074,45.0,1413,14,10.9,11.76,0.99224806,16.08,2115,-3.125,54,12.16
2021-07-16 11:05:09,23.027834,120.23074,47.0,2175,20,26.7,23.14,1.00787402,42.75,2115,-1.5625,54,12.08
2021-07-16 11:05:11,23.027706,120.23054,82.0,2713,28,34.5,40.39,1.0,45.88,2115,-1.5625,54,12.08
2021-07-16 11:05:13,23.027706,120.23054,85.0,3050,42,34.1,36.47,1.0,34.51,2115,-1.5625,53,12.0
2021-07-16 11:05:14,23.027706,120.23054,69.0,3175,48,4.2,6.67,0.0,0.0,2115,-6.25,52,14.4
2021-07-16 11:05:16,23.027401,120.23006,12.0,1175,44,3.3,3.92,0.8707483,0.0,2115,-4.6875,52,14.08
2021-07-16 11:05:18,23.027401,120.23006,22.0,1163,40,4.4,3.53,1.024,0.0,2115,-7.03125,52,13.28
2021-07-16 11:05:19,23.027401,120.23006,31.0,1000,36,3.7,4.71,1.024,0.0,2115,-4.6875,52,12.56
2021-07-16 11:05:21,23.027103,120.22961,25.0,975,30,3.3,4.31,1.024,0.0,2115,-4.6875,53,12.24
2021-07-16 11:05:23,23.027103,120.22961,24.0,988,30,13.2,3.92,1.024,27.84,2115,-3.125,52,12.48
2021-07-16 11:05:24,23.027103,120.22961,76.0,2250,32,27.9,32.94,1.0,48.63,2115,-2.34375,52,12.08
2021-07-16 11:05:26,23.027103,120.22961,85.0,2850,42,33.5,34.9,1.0,41.18,2115,-1.5625,51,12.0
2021-07-16 11:05:28,23.027103,120.22961,76.0,3050,46,24.0,28.24,1.0,20.0,2115,-2.34375,50,12.08
2021-07-16 11:05:30,23.026558,120.22885,52.0,1625,52,3.2,2.75,1.0,3.53,2115,-4.6875,50,13.04
2021-07-16 11:05:32,23.026558,120.22885,16.0,1225,52,3.7,3.92,0.99224806,4.71,2116,-4.6875,51,12.96
2021-07-16 11:05:33,23.026558,120.22885,21.0,1213,52,3.9,4.71,1.0,0.0,2116,-5.46875,51,14.0
2021-07-16 11:05:35,23.02614,120.22832,21.0,1275,50,4.5,5.49,0.0,0.0,2116,-5.46875,51,14.56
2021-07-16 11:05:37,23.02614,120.22832,25.0,1250,48,4.0,5.1,0.0,0.0,2116,-5.46875,51,14.48
2021-07-16 11:05:38,23.02614,120.22832,23.0,1250,46,3.8,5.1,0.0,0.0,2116,-5.46875,51,14.48
2021-07-16 11:05:40,23.025763,120.22781,21.0,1250,42,3.6,4.71,0.0,0.0,2116,-5.46875,51,14.56
2021-07-16 11:05:42,23.025763,120.22781,20.0,1250,38,3.7,4.71,0.0,0.0,2116,-5.46875,51,14.64
2021-07-16 11:05:43,23.025763,120.22781,15.0,1250,28,2.8,3.53,0.0,0.0,2116,-5.46875,52,14.48
2021-07-16 11:05:45,23.025482,120.22748,15.0,1250,24,4.1,3.53,0.8707483,0.0,2116,-7.03125,52,14.16
2021-07-16 11:05:47,23.025482,120.22748,15.0,1200,16,4.1,5.1,1.12280702,0.0,2116,-7.03125,52,13.68
2021-07-16 11:05:49,23.025383,120.22733,36.0,700,6,3.4,4.71,1.12280702,0.0,2116,-7.03125,52,12.48
2021-07-16 11:05:51,23.025383,120.22733,36.0,725,2,2.9,3.92,1.12280702,0.0,2116,-7.03125,52,12.16
2021-07-16 11:05:52,23.025383,120.22733,32.0,700,0,3.0,3.53,0.98461538,0.0,2116,-7.03125,52,12.0
2021-07-16 11:05:54,23.02537,120.22728,31.0,663,0,2.9,3.53,0.99224806,0.0,2116,-7.03125,52,12.0
2021-07-16 11:05:56,23.02537,120.22728,31.0,650,0,2.6,3.53,0.99224806,0.0,2116,-7.03125,52,12.08
2021-07-16 11:05:57,23.02537,120.22728,31.0,663,0,3.0,3.53,1.0,0.0,2116,-7.03125,52,12.08
2021-07-16 11:05:59,23.025398,120.22726,31.0,688,0,2.9,3.92,1.0,0.0,2116,-7.03125,52,12.08
2021-07-16 11:06:01,23.025398,120.22726,32.0,688,0,3.1,4.31,1.0,0.0,2116,-7.03125,52,12.0
2021-07-16 11:06:02,23.025398,120.22726,34.0,738,0,3.2,4.31,1.0,0.0,2116,-7.03125,52,11.92
2021-07-16 11:06:04,23.025419,120.22723,34.0,700,0,3.3,4.31,1.0,0.0,2116,-7.03125,52,11.92
2021-07-16 11:06:06,23.025419,120.22723,34.0,688,0,3.3,4.31,1.0,0.0,2116,-7.03125,53,12.08
2021-07-16 11:06:07,23.025419,120.22723,34.0,725,2,3.2,4.31,1.0,7.45,2116,-7.03125,53,11.92
2021-07-16 11:06:09,23.025419,120.22723,33.0,775,4,10.9,12.16,1.00787402,22.75,2116,-3.125,53,13.04
2021-07-16 11:06:11,23.025391,120.22716,62.0,1950,12,3.4,15.69,0.99224806,1.96,2116,-5.46875,53,12.0
2021-07-16 11:06:13,23.025391,120.22716,25.0,875,16,3.6,4.31,1.0,2.35,2116,-7.03125,53,12.08
2021-07-16 11:06:14,23.025391,120.22716,28.0,1038,16,3.1,7.84,1.00787402,0.0,2116,-5.46875,54,12.96
2021-07-16 11:06:16,23.025383,120.22701,23.0,888,10,2.7,3.53,0.99224806,0.0,2116,-7.03125,54,12.16
2021-07-16 11:06:18,23.025383,120.22701,22.0,713,2,2.9,3.14,0.99224806,0.0,2116,-7.03125,54,12.0
2021-07-16 11:06:19,23.025383,120.22701,27.0,675,0,2.4,2.75,1.0,0.0,2116,-7.03125,54,12.08
2021-07-16 11:06:21,23.02541,120.22697,24.0,688,0,3.6,2.75,0.99224806,0.0,2116,-7.03125,54,12.16
2021-07-16 11:06:23,23.02541,120.22697,37.0,713,0,3.4,4.71,1.0,0.0,2116,-7.03125,55,12.4
2021-07-16 11:06:24,23.02541,120.22697,36.0,688,0,3.6,4.31,1.0,0.0,2116,-7.03125,55,12.4
2021-07-16 11:06:26,23.025415,120.22694,36.0,688,0,3.4,4.71,1.0,0.0,2116,-7.03125,55,12.48
2021-07-16 11:06:28,23.025415,120.22694,38.0,700,0,8.3,4.71,1.00787402,16.08,2116,-4.6875,55,13.04
2021-07-16 11:06:29,23.025415,120.22694,59.0,1588,8,14.4,14.51,1.00787402,28.24,2116,-3.125,55,12.96
2021-07-16 11:06:31,23.025452,120.22688,71.0,1850,14,21.0,19.22,1.0,27.45,2116,-3.125,55,13.04
2021-07-16 11:06:33,23.025452,120.22688,77.0,2075,28,22.5,23.14,1.01587302,26.67,2116,-3.125,55,13.04
2021-07-16 11:06:35,23.025452,120.22688,78.0,2150,34,23.8,25.49,1.00787402,25.88,2116,-3.125,54,13.12
2021-07-16 11:06:36,23.025452,120.22688,73.0,2175,44,18.9,19.61,0.99224806,18.04,2116,-3.90625,53,13.12
2021-07-16 11:06:38,23.025898,120.22651,65.0,1725,48,11.8,14.51,1.00787402,11.76,2116,-4.6875,53,13.04
2021-07-16 11:06:40,23.025898,120.22651,69.0,1438,50,6.5,7.45,0.99224806,8.24,2116,-5.46875,53,13.6
2021-07-16 11:06:41,23.025898,120.22651,34.0,1150,50,4.6,3.53,0.0,0.0,2116,-5.46875,53,14.48
2021-07-16 11:06:43,23.026388,120.22604,27.0,1200,44,4.3,5.49,0.0,0.0,2116,-5.46875,53,14.56
2021-07-16 11:06:45,23.026388,120.22604,25.0,1238,38,4.0,5.1,0.8707483,11.76,2116,-5.46875,53,13.6
2021-07-16 11:06:46,23.026388,120.22604,22.0,1425,36,14.9,16.47,1.12280702,19.22,2116,-4.6875,52,13.04
2021-07-16 11:06:48,23.026798,120.22572,80.0,1588,40,10.4,20.39,1.0,14.9,2116,-4.6875,52,13.04
2021-07-16 11:06:50,23.026798,120.22572,25.0,1438,42,16.4,18.82,1.0,20.39,2116,-4.6875,51,12.96
2021-07-16 11:06:51,23.026798,120.22572,80.0,1613,46,20.4,21.96,1.0,32.16,2116,-2.34375,51,13.12
2021-07-16 11:06:53,23.027277,120.22538,89.0,1975,52,20.9,25.49,1.0,24.71,2116,-3.90625,50,13.04
2021-07-16 11:06:55,23.027277,120.22538,49.0,1688,54,3.0,3.53,0.0,0.0,2116,-5.46875,51,14.56
2021-07-16 11:06:57,23.027763,120.22516,16.0,1225,50,2.7,3.53,0.0,0.0,2116,-5.46875,51,14.56
2021-07-16 11:06:59,23.027763,120.22516,15.0,1238,46,4.3,5.49,0.0,0.0,2116,-5.46875,51,14.48
2021-07-16 11:07:00,23.027763,120.22516,24.0,1250,44,3.9,5.1,0.0,0.0,2116,-5.46875,51,14.56
2021-07-16 11:07:02,23.028315,120.22491,22.0,1263,40,3.6,4.71,0.0,0.0,2116,-5.46875,51,14.56
2021-07-16 11:07:04,23.028315,120.22491,20.0,1250,38,3.7,4.31,0.0,0.0,2116,-5.46875,51,14.48
2021-07-16 11:07:05,23.028315,120.22491,20.0,1225,30,2.8,3.53,0.0,0.0,2116,-5.46875,51,14.56
2021-07-16 11:07:07,23.028732,120.22474,15.0,1238,26,2.8,3.53,0.0,0.0,2116,-5.46875,51,14.56
2021-07-16 11:07:09,23.028732,120.22474,15.0,1238,16,4.2,5.49,0.8707483,0.0,2116,-5.46875,51,14.0
2021-07-16 11:07:10,23.028732,120.22474,31.0,1075,14,4.0,5.1,1.12280702,0.0,2116,-7.03125,51,13.12
2021-07-16 11:07:12,23.028936,120.22465,30.0,738,4,3.5,4.31,1.12280702,0.0,2116,-7.03125,51,12.4
2021-07-16 11:07:14,23.028936,120.22465,34.0,725,2,3.0,3.92,1.12280702,0.0,2116,-7.03125,51,12.32
2021-07-16 11:07:15,23.028936,120.22465,32.0,700,0,3.1,3.92,0.98461538,0.0,2116,-7.03125,51,12.08
2021-07-16 11:07:17,23.028936,120.22465,30.0,663,0,3.1,3.53,0.99224806,0.0,2116,-7.03125,52,12.08
2021-07-16 11:07:19,23.028936,120.22465,31.0,713,0,2.9,3.92,1.0,0.0,2116,-7.03125,52,12.16
2021-07-16 11:07:21,23.028936,120.22465,31.0,713,0,3.0,3.92,1.0,0.0,2116,-7.03125,52,11.92
2021-07-16 11:07:22,23.028936,120.22465,31.0,713,0,3.1,3.92,1.0,0.0,2116,-7.03125,52,12.08
2021-07-16 11:07:24,23.028967,120.22461,31.0,700,0,2.9,3.92,1.0,0.0,2116,-7.03125,52,12.08
2021-07-16 11:07:26,23.028967,120.22461,32.0,700,0,2.9,3.92,1.0,0.0,2116,-7.03125,52,12.08
2021-07-16 11:07:27,23.028967,120.22461,32.0,700,0,3.2,3.92,1.0,0.0,2116,-7.03125,52,11.92
2021-07-16 11:07:29,23.028965,120.2246,32.0,700,0,2.9,3.92,1.0,0.0,2116,-7.03125,52,12.0
2021-07-16 11:07:31,23.028965,120.2246,32.0,700,0,2.9,3.92,1.0,0.0,2116,-7.03125,52,12.16
2021-07-16 11:07:32,23.028965,120.2246,33.0,700,0,3.0,3.92,1.0,0.0,2116,-7.03125,52,12.0
2021-07-16 11:07:34,23.028963,120.22459,33.0,700,0,3.1,3.92,1.0,0.0,2116,-7.03125,53,12.08
2021-07-16 11:07:36,23.028963,120.22459,33.0,700,0,3.2,4.31,1.0,0.0,2116,-7.03125,53,12.24
2021-07-16 11:07:37,23.028963,120.22459,35.0,713,0,3.4,4.31,1.0,0.0,2116,-7.03125,53,12.24
2021-07-16 11:07:39,23.028961,120.22459,37.0,700,0,3.7,4.71,0.99224806,0.0,2116,-7.03125,53,12.4
2021-07-16 11:07:41,23.028961,120.22459,38.0,700,0,3.4,4.71,0.99224806,0.0,2116,-7.03125,53,12.8
2021-07-16 11:07:43,23.028959,120.22459,39.0,700,0,3.9,4.71,1.0,0.0,2116,-7.03125,53,12.64
2021-07-16 11:07:45,23.028959,120.22459,39.0,713,0,3.9,4.71,1.0,0.0,2116,-7.03125,53,12.72
2021-07-16 11:07:46,23.028959,120.22459,40.0,713,0,3.6,4.71,1.0,0.0,2116,-7.03125,53,13.04
2021-07-16 11:07:48,23.028959,120.22458,40.0,700,0,4.0,4.71,1.0,0.0,2116,-7.03125,53,13.12
2021-07-16 11:07:50,23.028959,120.22458,40.0,725,0,3.6,4.71,1.0,0.0,2116,-7.03125,54,13.04
2021-07-16 11:07:51,23.028959,120.22458,39.0,700,0,3.6,4.71,1.0,0.0,2116,-7.03125,54,12.88
2021-07-16 11:07:53,23.028959,120.22458,38.0,700,0,3.8,4.71,1.0,0.0,2116,-7.03125,54,13.04
2021-07-16 11:07:55,23.028959,120.22458,38.0,713,0,7.1,4.71,1.0,11.76,2116,-4.6875,54,12.96
2021-07-16 11:07:56,23.028959,120.22458,51.0,1400,6,9.7,10.98,1.00787402,19.61,2116,-4.6875,54,13.12
2021-07-16 11:07:58,23.029007,120.22456,61.0,1538,10,13.3,12.94,1.00787402,18.43,2116,-3.90625,54,13.2
2021-07-16 11:08:00,23.029007,120.22456,23.0,1338,18,3.8,4.71,0.99224806,0.0,2116,-7.03125,54,13.04
2021-07-16 11:08:01,23.029007,120.22456,30.0,813,16,13.7,5.88,1.00787402,23.53,2116,-3.90625,55,13.04
2021-07-16 11:08:03,23.029007,120.22456,56.0,1963,22,13.2,14.12,1.00787402,22.75,2116,-3.90625,55,13.04
2021-07-16 11:08:05,23.029007,120.22456,56.0,1675,28,14.2,14.51,1.00787402,23.53,2116,-3.90625,55,13.12
2021-07-16 11:08:07,23.029007,120.22456,67.0,1700,32,17.0,16.86,1.0,27.45,2116,-3.90625,54,13.2
2021-07-16 11:08:08,23.029007,120.22456,73.0,1775,36,17.9,18.43,1.0,27.06,2116,-3.90625,53,13.12
2021-07-16 11:08:10,23.029659,120.22481,78.0,1775,42,13.8,20.0,1.0,0.0,2116,-6.25,53,14.08
2021-07-16 11:08:12,23.029659,120.22481,55.0,1625,44,4.0,4.71,0.0,0.0,2116,-5.46875,53,14.48
2021-07-16 11:08:13,23.029659,120.22481,23.0,988,40,3.9,6.27,1.024,0.0,2116,-5.46875,53,13.76
2021-07-16 11:08:15,23.030039,120.22522,27.0,1000,38,2.8,3.53,1.024,0.0,2116,-5.46875,53,13.04
2021-07-16 11:08:17,23.030039,120.22522,18.0,1025,24,2.4,3.14,1.024,0.0,2116,-5.46875,53,12.56
2021-07-16 11:08:18,23.030039,120.22522,17.0,1000,16,3.7,5.1,1.024,0.0,2116,-7.03125,53,12.16
2021-07-16 11:08:20,23.030228,120.22543,36.0,763,2,3.2,4.71,1.024,0.0,2116,-7.03125,53,12.0
2021-07-16 11:08:22,23.030228,120.22543,34.0,738,0,3.1,3.92,1.024,0.0,2116,-7.03125,53,12.16
2021-07-16 11:08:23,23.030228,120.22543,32.0,688,0,3.1,3.92,1.024,0.0,2116,-7.03125,53,12.08
2021-07-16 11:08:25,23.030228,120.22543,32.0,700,0,2.9,3.92,1.024,0.0,2116,-7.03125,53,12.08
2021-07-16 11:08:27,23.030228,120.22543,33.0,700,0,3.0,3.92,1.024,0.0,2116,-7.03125,53,12.16
2021-07-16 11:08:29,23.030228,120.22543,33.0,713,0,3.3,3.92,1.024,0.0,2116,-7.03125,53,12.0
2021-07-16 11:08:30,23.030228,120.22543,33.0,713,0,3.0,3.92,1.024,0.0,2116,-7.03125,53,12.16
2021-07-16 11:08:32,23.030235,120.22544,33.0,713,0,3.3,3.92,1.024,0.0,2116,-7.03125,54,12.08
2021-07-16 11:08:34,23.030235,120.22544,33.0,700,0,3.2,4.31,1.024,0.0,2116,-7.03125,54,12.16
2021-07-16 11:08:35,23.030235,120.22544,33.0,700,0,3.2,4.31,1.024,0.0,2116,-7.03125,54,12.0
2021-07-16 11:08:37,23.030237,120.22545,35.0,713,0,10.2,10.2,0.99224806,22.75,2116,-3.90625,54,12.96
2021-07-16 11:08:39,23.030237,120.22545,55.0,1400,4,18.2,13.33,1.0,32.94,2116,-4.6875,54,13.04
2021-07-16 11:08:40,23.030237,120.22545,79.0,2013,18,22.9,24.31,1.01587302,31.76,2116,-4.6875,55,13.04
2021-07-16 11:08:42,23.030355,120.22557,78.0,2150,24,25.5,29.02,1.0,29.8,2116,-3.125,54,13.04
2021-07-16 11:08:44,23.030355,120.22557,77.0,2250,36,21.1,25.1,0.99224806,7.84,2116,-6.25,54,13.2
2021-07-16 11:08:45,23.030355,120.22557,29.0,1888,38,16.4,4.31,0.87671233,22.35,2116,-4.6875,53,13.2
2021-07-16 11:08:47,23.030355,120.22557,81.0,1938,40,18.1,20.78,1.0,18.43,2116,-3.125,52,13.04
2021-07-16 11:08:49,23.030355,120.22557,83.0,1313,44,2.7,3.14,0.0,0.0,2116,-5.46875,53,14.4
2021-07-16 11:08:51,23.030355,120.22557,16.0,1213,42,4.4,3.53,0.0,0.0,2116,-5.46875,53,14.64
2021-07-16 11:08:52,23.030355,120.22557,24.0,1225,40,4.3,5.1,0.0,0.0,2116,-5.46875,53,14.64
2021-07-16 11:08:54,23.031216,120.22648,24.0,1200,34,4.3,5.1,1.12280702,0.0,2116,-5.46875,53,14.32
2021-07-16 11:08:56,23.031216,120.22648,36.0,1150,28,3.7,4.71,1.12280702,0.0,2116,-7.03125,53,14.24
2021-07-16 11:08:57,23.031216,120.22648,29.0,925,20,3.7,4.71,1.12280702,0.0,2117,-7.03125,53,13.68
2021-07-16 11:08:59,23.031424,120.22671,30.0,938,16,5.1,5.88,1.12280702,14.12,2117,-5.46875,53,13.12
2021-07-16 11:09:01,23.031424,120.22671,53.0,1700,18,3.5,6.27,0.99224806,0.0,2117,-5.46875,53,13.12
2021-07-16 11:09:02,23.031424,120.22671,20.0,1113,18,3.4,4.31,0.99224806,0.0,2117,-7.03125,53,12.4
2021-07-16 11:09:04,23.031574,120.22687,26.0,888,10,2.8,4.31,1.0,1.57,2117,-7.03125,53,12.32
2021-07-16 11:09:06,23.031574,120.22687,23.0,913,10,5.5,3.53,1.00787402,10.2,2117,-5.46875,53,12.96
2021-07-16 11:09:07,23.031574,120.22687,35.0,1288,12,3.0,5.49,1.0,0.0,2117,-4.6875,53,12.96
2021-07-16 11:09:09,23.031574,120.22687,22.0,938,12,6.2,3.92,1.0,15.69,2117,-4.6875,54,12.56
2021-07-16 11:09:11,23.031574,120.22687,50.0,1550,12,20.0,15.69,1.0,27.45,2117,-3.125,54,12.08
2021-07-16 11:09:13,23.031574,120.22687,66.0,2288,22,10.1,10.2,0.99224806,12.55,2117,-6.25,54,12.08
2021-07-16 11:09:14,23.031574,120.22687,39.0,1588,22,11.4,10.2,1.00787402,18.43,2117,-3.90625,55,13.04
2021-07-16 11:09:16,23.031921,120.22723,67.0,1688,28,17.8,20.0,1.0,23.92,2117,-3.90625,55,12.96
2021-07-16 11:09:18,23.031921,120.22723,81.0,1738,32,18.9,21.96,1.00787402,24.31,2117,-3.90625,54,13.12
2021-07-16 11:09:19,23.031921,120.22723,83.0,1738,38,19.0,23.14,1.00787402,24.71,2117,-3.90625,54,13.12
2021-07-16 11:09:21,23.032236,120.22755,83.0,1738,42,18.8,22.75,1.00787402,21.96,2117,-3.90625,53,13.12
2021-07-16 11:09:23,23.032236,120.22755,83.0,1725,44,5.7,6.27,0.99224806,7.45,2117,-4.6875,53,13.28
2021-07-16 11:09:24,23.032236,120.22755,27.0,1275,44,3.0,3.53,0.0,0.0,2117,-4.6875,54,14.56
2021-07-16 11:09:26,23.032644,120.22796,15.0,1225,40,4.9,5.88,0.0,0.0,2117,-4.6875,54,14.64
2021-07-16 11:09:28,23.032644,120.22796,27.0,1225,34,4.5,5.49,0.8707483,0.0,2117,-7.03125,54,14.24
2021-07-16 11:09:29,23.032644,120.22796,30.0,1038,28,4.1,5.49,1.12280702,0.0,2117,-5.46875,54,13.36
2021-07-16 11:09:31,23.032644,120.22796,27.0,1038,18,11.9,5.1,1.12280702,19.61,2117,-3.90625,53,13.12
2021-07-16 11:09:33,23.032644,120.22796,53.0,1988,22,19.2,18.43,0.99224806,32.94,2117,-3.90625,53,12.32
2021-07-16 11:09:35,23.032644,120.22796,72.0,2000,26,23.8,21.18,0.99224806,36.08,2117,-3.90625,54,12.08
2021-07-16 11:09:36,23.032644,120.22796,73.0,2513,36,23.8,21.18,0.99224806,29.8,2117,-1.5625,54,12.16
2021-07-16 11:09:38,23.0333,120.22858,66.0,2375,40,8.4,15.29,0.99224806,5.49,2117,-5.46875,54,12.88
2021-07-16 11:09:40,23.0333,120.22858,33.0,1225,42,5.1,5.88,0.99224806,6.27,2117,-5.46875,54,12.96
2021-07-16 11:09:41,23.0333,120.22858,30.0,1213,42,5.5,6.27,1.01587302,7.45,2117,-5.46875,54,13.12
2021-07-16 11:09:43,23.033712,120.22895,33.0,1288,42,13.3,14.9,1.00787402,21.57,2117,-3.90625,54,13.12
2021-07-16 11:09:45,23.033712,120.22895,78.0,1663,44,18.4,19.61,1.00787402,25.88,2117,-4.6875,53,12.4
2021-07-16 11:09:46,23.033884,120.2291,76.0,1813,46,15.8,20.0,1.01587302,19.22,2117,-4.6875,52,12.56
2021-07-16 11:09:48,23.034161,120.22936,22.0,1363,50,4.7,5.1,0.0,0.0,2117,-4.6875,52,14.64
2021-07-16 11:09:50,23.034161,120.22936,26.0,1200,48,4.1,5.1,0.0,0.0,2117,-4.6875,52,14.56
2021-07-16 11:09:51,23.034161,120.22936,23.0,1238,44,4.1,5.1,0.0,0.0,2117,-4.6875,52,14.64
2021-07-16 11:09:53,23.034161,120.22936,19.0,1275,40,2.9,3.53,0.0,0.0,2117,-4.6875,52,14.48
2021-07-16 11:09:55,23.034161,120.22936,15.0,1275,40,2.9,3.53,0.0,0.0,2117,-4.6875,53,14.64
2021-07-16 11:09:57,23.034161,120.22936,15.0,1238,36,2.8,3.53,0.0,0.0,2117,-4.6875,53,14.56
2021-07-16 11:09:58,23.034161,120.22936,15.0,1225,34,4.2,3.53,0.0,0.0,2117,-4.6875,53,13.36
2021-07-16 11:10:00,23.035086,120.23026,22.0,1063,26,4.2,5.49,1.12280702,0.0,2117,-5.46875,53,13.36
2021-07-16 11:10:02,23.035086,120.23026,28.0,1038,20,3.9,5.1,1.12280702,0.0,2117,-5.46875,53,12.56
2021-07-16 11:10:03,23.035086,120.23026,28.0,738,4,3.5,4.71,1.12280702,0.0,2117,-7.03125,53,12.32
2021-07-16 11:10:05,23.035223,120.2304,35.0,763,0,3.5,4.31,0.99224806,0.0,2117,-7.03125,53,12.08
2021-07-16 11:10:07,23.035223,120.2304,34.0,725,0,3.2,3.92,0.99224806,0.0,2117,-7.03125,53,12.0
2021-07-16 11:10:08,23.035223,120.2304,33.0,713,0,3.0,3.92,1.0,0.0,2117,-7.03125,53,11.92
2021-07-16 11:10:10,23.035225,120.2304,33.0,713,0,3.0,3.92,1.0,0.0,2117,-7.03125,53,12.0
2021-07-16 11:10:12,23.035225,120.2304,33.0,713,0,3.3,4.31,1.0,0.0,2117,-7.03125,53,12.08
2021-07-16 11:10:13,23.035225,120.2304,33.0,700,0,3.3,3.92,1.0,0.0,2117,-7.03125,54,12.0
2021-07-16 11:10:15,23.035225,120.2304,33.0,713,0,3.3,4.31,1.0,0.0,2117,-7.03125,54,12.0
2021-07-16 11:10:17,23.035225,120.2304,33.0,713,0,3.1,4.31,1.0,0.0,2117,-7.03125,54,12.0
2021-07-16 11:10:19,23.035225,120.2304,33.0,713,0,3.1,3.92,1.0,0.0,2117,-7.03125,54,12.0
2021-07-16 11:10:20,23.035225,120.2304,33.0,713,0,3.4,3.92,1.0,0.0,2117,-7.03125,54,11.92
2021-07-16 11:10:22,23.035225,120.23041,34.0,700,0,3.1,4.31,1.0,0.0,2117,-7.03125,54,11.92
2021-07-16 11:10:24,23.035225,120.23041,34.0,713,0,3.3,3.92,1.0,0.0,2117,-7.03125,54,12.0
2021-07-16 11:10:25,23.035225,120.23041,34.0,713,0,3.2,4.31,1.0,0.0,2117,-7.03125,55,12.0
2021-07-16 11:10:27,23.035223,120.23042,34.0,700,0,3.2,4.31,1.0,0.0,2117,-7.03125,55,12.08
2021-07-16 11:10:29,23.035223,120.23042,36.0,713,0,3.5,4.31,0.99224806,0.0,2117,-7.03125,55,12.32
2021-07-16 11:10:30,23.035223,120.23042,37.0,700,0,3.4,4.71,0.99224806,0.0,2117,-7.03125,55,12.56
2021-07-16 11:10:32,23.035223,120.23042,38.0,700,0,3.6,4.71,1.0,0.0,2117,-7.03125,55,12.56
2021-07-16 11:10:34,23.035223,120.23042,39.0,713,0,3.7,4.71,1.0,0.0,2117,-7.03125,55,12.56
2021-07-16 11:10:35,23.035223,120.23042,40.0,713,0,6.7,4.71,1.0,14.51,2117,-3.90625,55,13.04
2021-07-16 11:10:37,23.035229,120.23042,64.0,1413,6,11.9,12.94,1.00787402,27.84,2117,-3.90625,55,13.04
2021-07-16 11:10:39,23.035229,120.23042,76.0,1825,12,22.6,20.39,1.01587302,32.55,2117,-4.6875,56,13.12
2021-07-16 11:10:41,23.035337,120.23053,79.0,2150,26,9.7,27.45,0.99224806,7.45,2117,-6.25,56,13.04
2021-07-16 11:10:43,23.035337,120.23053,36.0,1700,30,7.7,9.02,0.99224806,12.94,2117,-3.90625,56,13.04
2021-07-16 11:10:44,23.035337,120.23053,69.0,1613,32,2.9,3.53,0.0,0.0,2117,-4.6875,56,14.48
2021-07-16 11:10:46,23.035616,120.23082,15.0,1375,28,3.2,3.92,1.01587302,0.0,2117,-4.6875,56,14.24
2021-07-16 11:10:48,23.035616,120.23082,21.0,913,24,2.9,3.53,1.024,0.0,2117,-7.03125,56,14.16
2021-07-16 11:10:49,23.035616,120.23082,23.0,938,22,4.8,3.53,1.024,0.0,2117,-4.6875,56,14.16
2021-07-16 11:10:51,23.035824,120.23104,31.0,1013,18,4.4,5.49,1.024,6.27,2117,-4.6875,56,13.04
2021-07-16 11:10:53,23.035824,120.23104,32.0,1163,18,10.2,10.59,1.024,14.12,2117,-4.6875,56,13.12
2021-07-16 11:10:54,23.035824,120.23104,56.0,1413,22,14.0,13.73,1.024,25.1,2117,-3.90625,56,13.12
2021-07-16 11:10:56,23.036011,120.23125,67.0,1763,26,12.6,16.86,0.99224806,10.59,2117,-6.25,56,13.12
2021-07-16 11:10:58,23.036011,120.23125,35.0,1463,30,6.3,9.8,1.0,2.75,2117,-4.6875,56,13.04
2021-07-16 11:10:59,23.036011,120.23125,31.0,1250,30,5.5,5.88,0.99224806,7.06,2117,-4.6875,56,13.68
2021-07-16 11:11:01,23.036011,120.23125,18.0,1225,30,5.7,3.92,1.01587302,11.76,2117,-4.6875,56,13.12
2021-07-16 11:11:03,23.036011,120.23125,22.0,1300,32,9.1,10.2,1.024,13.33,2117,-3.90625,56,13.12
2021-07-16 11:11:05,23.036011,120.23125,72.0,1338,34,17.8,21.96,1.024,14.51,2117,-3.90625,56,13.12
2021-07-16 11:11:06,23.036011,120.23125,82.0,1675,38,4.0,5.1,0.8707483,4.71,2117,-4.6875,56,13.04
2021-07-16 11:11:08,23.036747,120.23203,26.0,1188,38,10.8,7.45,1.12280702,14.9,2117,-3.90625,55,13.12
2021-07-16 11:11:10,23.036747,120.23203,66.0,1238,38,12.8,14.12,0.99224806,16.08,2117,-3.90625,55,13.04
2021-07-16 11:11:11,23.036747,120.23203,31.0,1275,42,4.2,4.71,0.0,0.0,2117,-4.6875,55,14.48
2021-07-16 11:11:13,23.037111,120.23242,23.0,1200,40,10.2,10.98,1.024,11.76,2117,-3.90625,55,13.44
2021-07-16 11:11:15,23.037111,120.23242,32.0,1288,42,4.0,4.71,0.0,0.0,2117,-4.6875,55,14.56
2021-07-16 11:11:16,23.037111,120.23242,22.0,1225,40,11.8,4.71,1.12280702,13.73,2117,-3.90625,55,13.04
2021-07-16 11:11:18,23.037483,120.23283,35.0,1300,42,2.8,9.02,1.12280702,0.0,2117,-5.46875,55,14.4
2021-07-16 11:11:20,23.037483,120.23283,22.0,1238,42,15.2,3.53,1.01587302,26.27,2117,-4.6875,55,13.12
2021-07-16 11:11:21,23.037483,120.23283,70.0,1625,44,4.2,3.53,1.0,14.9,2117,-4.6875,55,13.12
2021-07-16 11:11:23,23.037483,120.23283,51.0,1613,46,2.8,3.53,0.99224806,0.0,2117,-4.6875,55,14.64
2021-07-16 11:11:25,23.037483,120.23283,21.0,1288,44,17.5,5.49,1.024,25.1,2117,-2.34375,54,13.04
2021-07-16 11:11:27,23.038189,120.23361,84.0,1800,48,3.5,4.71,0.0,0.0,2118,-4.6875,54,14.4
2021-07-16 11:11:29,23.038189,120.23361,18.0,1263,46,4.1,5.1,0.0,0.0,2118,-4.6875,54,14.64
2021-07-16 11:11:30,23.038189,120.23361,22.0,1213,40,3.8,4.71,0.0,0.0,2118,-4.6875,54,14.4
2021-07-16 11:11:32,23.038565,120.23405,22.0,1225,36,2.9,4.71,0.0,0.0,2118,-4.6875,54,14.4
2021-07-16 11:11:34,23.038565,120.23405,17.0,1100,30,4.5,5.88,1.12280702,0.0,2118,-4.6875,54,14.0
2021-07-16 11:11:35,23.038565,120.23405,29.0,1075,28,4.1,5.49,1.12280702,0.0,2118,-5.46875,54,13.68
2021-07-16 11:11:37,23.038818,120.23437,28.0,1013,26,3.7,4.71,1.12280702,0.0,2118,-5.46875,54,12.8
2021-07-16 11:11:39,23.038818,120.23437,27.0,1000,26,3.2,4.31,0.99224806,0.0,2118,-4.6875,54,12.16
2021-07-16 11:11:40,23.038818,120.23437,24.0,963,22,11.3,9.02,1.0,16.47,2118,-3.90625,54,13.04
2021-07-16 11:11:42,23.038857,120.23465,55.0,1725,22,17.8,14.9,1.0,30.59,2118,-3.90625,54,12.16
2021-07-16 11:11:44,23.038857,120.23465,67.0,2250,30,24.1,22.35,1.00787402,32.94,2118,-2.34375,54,12.24
2021-07-16 11:11:46,23.038647,120.23489,64.0,2363,38,12.7,12.94,0.99224806,12.16,2118,-6.25,53,12.4
2021-07-16 11:11:48,23.038647,120.23489,38.0,1488,40,6.1,9.02,0.99224806,10.59,2118,-5.46875,53,12.96
2021-07-16 11:11:49,23.038647,120.23489,35.0,1325,42,12.3,13.73,1.00787402,18.43,2118,-3.90625,53,12.96
2021-07-16 11:11:51,23.038265,120.23528,65.0,1513,44,8.0,10.2,1.00787402,9.41,2118,-5.46875,53,12.96
2021-07-16 11:11:53,23.038265,120.23528,42.0,1263,46,10.4,10.98,1.00787402,13.33,2118,-4.6875,52,13.12
2021-07-16 11:11:54,23.038265,120.23528,58.0,1250,46,5.3,8.63,1.0,7.45,2118,-5.46875,52,13.04
2021-07-16 11:11:56,23.037846,120.23572,33.0,1213,46,9.1,10.98,1.01587302,12.55,2118,-4.6875,52,13.04
2021-07-16 11:11:58,23.037846,120.23572,54.0,1250,46,3.7,4.31,0.0,0.0,2118,-5.46875,52,14.4
2021-07-16 11:11:59,23.037846,120.23572,21.0,1263,42,3.6,4.31,0.0,0.0,2118,-5.46875,52,14.56
2021-07-16 11:12:01,23.037437,120.23615,20.0,1263,40,2.7,3.53,0.0,0.0,2118,-5.46875,53,14.4
2021-07-16 11:12:03,23.037437,120.23615,15.0,1275,38,2.7,3.53,0.0,0.0,2118,-5.46875,53,14.64
2021-07-16 11:12:04,23.037437,120.23615,15.0,1263,34,2.8,3.53,0.0,0.0,2118,-5.46875,53,14.48
2021-07-16 11:12:06,23.037106,120.23651,15.0,1263,30,2.7,3.53,0.0,0.0,2118,-5.46875,53,14.24
2021-07-16 11:12:08,23.037106,120.23651,24.0,1075,28,9.5,7.45,1.12280702,12.55,2118,-5.46875,53,13.12
2021-07-16 11:12:10,23.036888,120.23674,24.0,1163,28,3.7,4.71,1.12280702,0.0,2118,-7.03125,53,12.56
2021-07-16 11:12:12,23.036888,120.23674,28.0,938,26,3.2,3.92,1.12280702,0.0,2118,-7.03125,53,12.08
2021-07-16 11:12:13,23.036888,120.23674,24.0,938,22,2.9,3.92,0.99224806,0.0,2118,-7.03125,53,12.16
2021-07-16 11:12:15,23.036659,120.23695,25.0,888,18,3.2,3.92,0.99224806,0.0,2118,-7.03125,53,12.08
2021-07-16 11:12:17,23.036659,120.23695,26.0,900,12,3.4,4.31,0.99224806,0.0,2118,-7.03125,53,12.08
2021-07-16 11:12:18,23.036659,120.23695,29.0,800,8,5.0,4.71,1.0,16.47,2118,-4.6875,53,12.48
2021-07-16 11:12:20,23.036551,120.23707,62.0,1900,10,17.5,15.69,1.00787402,26.27,2118,-3.90625,52,12.08
2021-07-16 11:12:22,23.036551,120.23707,58.0,2313,16,28.2,19.61,1.0,28.24,2118,-1.5625,53,12.0
2021-07-16 11:12:23,23.036551,120.23707,69.0,2563,28,24.7,22.75,1.0,25.88,2118,-3.90625,54,11.92
2021-07-16 11:12:25,23.036348,120.2373,73.0,2313,34,13.0,23.14,0.99224806,11.76,2118,-4.6875,54,12.96
2021-07-16 11:12:27,23.036348,120.2373,37.0,1250,38,7.4,7.84,0.99224806,9.02,2118,-5.46875,54,12.96
2021-07-16 11:12:28,23.036348,120.2373,47.0,1300,38,11.1,9.02,1.01587302,15.69,2118,-4.6875,53,12.96
2021-07-16 11:12:30,23.036348,120.2373,72.0,1400,42,13.9,16.08,1.00787402,16.47,2118,-5.46875,53,12.96
2021-07-16 11:12:32,23.036348,120.2373,71.0,1300,44,4.2,5.1,0.0,0.0,2118,-5.46875,52,14.56
2021-07-16 11:12:34,23.036348,120.2373,26.0,1225,42,4.6,5.49,0.0,2.35,2118,-5.46875,52,14.48
2021-07-16 11:12:35,23.036348,120.2373,24.0,1288,40,4.4,5.49,1.12280702,3.14,2118,-5.46875,52,13.04
2021-07-16 11:12:37,23.036348,120.2373,23.0,1288,38,4.5,5.1,0.0,0.0,2118,-5.46875,52,14.32
2021-07-16 11:12:38,23.036348,120.2373,25.0,1188,32,4.5,5.88,1.12280702,0.0,2118,-5.46875,52,14.24
2021-07-16 11:12:40,23.036348,120.2373,27.0,1125,26,6.2,4.31,1.12280702,11.76,2118,-5.46875,52,13.04
2021-07-16 11:12:42,23.036348,120.2373,38.0,1588,28,14.0,12.94,0.99224806,21.18,2118,-3.90625,52,12.56
2021-07-16 11:12:43,23.036348,120.2373,55.0,1763,32,15.5,15.69,0.99224806,23.92,2118,-3.90625,51,12.4
2021-07-16 11:12:45,23.034985,120.23867,65.0,1750,34,12.5,15.69,0.99224806,10.98,2118,-6.25,51,12.4
2021-07-16 11:12:47,23.034985,120.23867,62.0,1363,38,12.6,14.12,1.0,9.02,2118,-5.46875,50,13.28
2021-07-16 11:12:48,23.034985,120.23867,31.0,1263,38,4.3,5.1,1.0,0.0,2118,-7.03125,51,14.24
2021-07-16 11:12:50,23.034624,120.23898,25.0,988,34,4.1,5.1,1.024,0.0,2118,-5.46875,51,13.2
2021-07-16 11:12:52,23.034624,120.23898,25.0,1438,32,9.9,8.24,1.024,14.12,2118,-5.46875,51,13.12
2021-07-16 11:12:54,23.03437,120.23921,57.0,1325,34,12.9,13.33,1.024,18.82,2118,-5.46875,50,13.12
2021-07-16 11:12:56,23.03437,120.23921,66.0,1363,38,4.1,5.1,0.0,0.0,2118,-5.46875,50,14.48
2021-07-16 11:12:57,23.03437,120.23921,23.0,1225,36,3.9,4.71,0.0,0.0,2118,-5.46875,51,14.56
2021-07-16 11:12:59,23.034,120.23951,22.0,1038,32,4.2,5.1,1.12280702,0.0,2118,-5.46875,51,14.08
2021-07-16 11:13:01,23.034,120.23951,27.0,950,30,3.8,4.71,1.12280702,0.0,2118,-7.03125,51,13.2
2021-07-16 11:13:02,23.034,120.23951,28.0,1038,26,3.5,4.31,1.12280702,0.0,2118,-5.46875,51,12.48
2021-07-16 11:13:04,23.033695,120.23973,23.0,1050,20,3.5,4.31,1.12280702,0.0,2118,-5.46875,51,12.08
2021-07-16 11:13:06,23.033695,120.23973,24.0,1000,16,3.4,4.31,0.99224806,0.0,2118,-7.03125,51,12.16
2021-07-16 11:13:07,23.033617,120.23978,31.0,750,6,3.3,4.31,0.99224806,0.0,2118,-7.03125,51,12.0
2021-07-16 11:13:09,23.033617,120.23978,35.0,700,2,3.6,4.31,1.0,0.0,2118,-7.03125,51,12.16
2021-07-16 11:13:11,23.033617,120.23978,35.0,713,0,3.3,4.31,1.00787402,0.0,2118,-7.03125,51,12.08
2021-07-16 11:13:12,23.033617,120.23978,34.0,738,0,3.1,4.31,1.00787402,0.0,2118,-7.03125,52,12.08
2021-07-16 11:13:14,23.033558,120.23984,34.0,713,0,3.3,4.31,1.00787402,0.0,2118,-7.03125,52,12.08
2021-07-16 11:13:16,23.033558,120.23984,33.0,713,0,5.1,4.31,1.00787402,9.02,2118,-7.03125,52,12.08
2021-07-16 11:13:18,23.033543,120.23985,42.0,1100,2,19.7,9.02,0.99224806,40.0,2118,-2.34375,52,12.16
2021-07-16 11:13:20,23.033543,120.23985,76.0,2450,16,9.3,9.02,0.99224806,12.55,2118,-6.25,52,12.0
2021-07-16 11:13:21,23.033543,120.23985,34.0,1663,18,3.1,7.84,0.99224806,0.0,2118,-5.46875,53,12.16
2021-07-16 11:13:23,23.033384,120.23997,18.0,950,18,2.7,3.14,0.99224806,0.0,2118,-7.03125,53,12.08
2021-07-16 11:13:25,23.033384,120.23997,20.0,938,16,12.4,5.88,1.0,0.0,2118,-6.25,54,12.0
2021-07-16 11:13:26,23.033384,120.23997,57.0,1000,18,2.6,3.14,0.99224806,0.0,2118,-7.03125,54,12.08
2021-07-16 11:13:28,23.033192,120.24008,21.0,913,16,11.1,4.71,1.00787402,22.75,2118,-3.90625,54,12.56
2021-07-16 11:13:30,23.033192,120.24008,40.0,2038,20,18.7,17.25,1.0,31.37,2118,-3.90625,54,12.0
2021-07-16 11:13:31,23.033192,120.24008,67.0,2150,24,21.7,18.43,1.00787402,32.55,2118,-3.90625,53,12.0
2021-07-16 11:13:33,23.033016,120.23989,68.0,2238,34,20.1,20.0,1.0,15.29,2118,-3.90625,52,12.0
2021-07-16 11:13:35,23.033016,120.23989,27.0,1875,36,9.5,5.49,0.99224806,12.55,2118,-5.46875,52,13.04
2021-07-16 11:13:36,23.033016,120.23989,35.0,1238,36,10.9,12.94,0.99224806,12.94,2119,-5.46875,52,13.52
2021-07-16 11:13:38,23.033016,120.23989,31.0,1213,34,3.1,3.92,0.0,0.0,2119,-5.46875,52,14.48
2021-07-16 11:13:40,23.033016,120.23989,17.0,1250,32,3.0,3.92,0.8707483,12.16,2119,-5.46875,52,13.68
2021-07-16 11:13:42,23.033016,120.23989,17.0,1275,30,14.8,10.59,1.12280702,23.14,2119,-5.46875,52,13.04
2021-07-16 11:13:43,23.033016,120.23989,66.0,1638,36,3.8,5.49,0.99224806,0.0,2119,-5.46875,52,13.04
2021-07-16 11:13:45,23.032434,120.23896,20.0,1275,34,3.6,4.71,0.0,0.0,2119,-5.46875,52,13.04
2021-07-16 11:13:47,23.032434,120.23896,25.0,963,32,3.4,4.71,1.12280702,2.35,2119,-5.46875,52,12.24
2021-07-16 11:13:48,23.032434,120.23896,27.0,1363,32,12.6,10.59,1.12280702,16.86,2119,-3.90625,51,12.88
2021-07-16 11:13:50,23.03223,120.23854,29.0,1263,34,10.5,8.24,0.99224806,20.0,2119,-5.46875,51,12.96
2021-07-16 11:13:52,23.03223,120.23854,73.0,1288,34,3.8,15.29,1.0,4.71,2119,-5.46875,51,13.04
2021-07-16 11:13:53,23.03223,120.23854,24.0,1138,34,3.7,4.71,1.0,0.0,2119,-7.03125,52,12.72
2021-07-16 11:13:55,23.032007,120.23812,32.0,1088,32,3.2,4.31,0.99224806,0.0,2119,-7.03125,52,12.24
2021-07-16 11:13:57,23.032007,120.23812,25.0,963,24,3.3,4.31,1.00787402,0.0,2119,-7.03125,52,12.16
2021-07-16 11:13:58,23.032007,120.23812,24.0,1013,18,4.6,4.31,1.00787402,10.59,2119,-5.46875,52,12.56
2021-07-16 11:14:00,23.032007,120.23812,69.0,2038,20,21.9,18.82,0.99224806,38.82,2119,-3.90625,52,12.08
2021-07-16 11:14:02,23.032007,120.23812,76.0,2125,26,33.0,64.31,1.00787402,68.24,2119,-0.78125,52,12.0
2021-07-16 11:14:04,23.032007,120.23812,89.0,2888,38,37.8,63.92,1.0,39.61,2119,-0.78125,51,12.0
2021-07-16 11:14:05,23.032007,120.23812,78.0,3075,44,22.1,26.67,1.0,10.2,2119,-6.25,50,12.08
2021-07-16 11:14:07,23.032007,120.23812,79.0,1313,48,4.3,5.1,0.99224806,3.53,2119,-5.46875,50,12.96
2021-07-16 11:14:08,23.032007,120.23812,27.0,1113,46,4.5,5.49,1.01587302,4.31,2119,-5.46875,50,12.96
2021-07-16 11:14:10,23.032007,120.23812,28.0,1263,44,4.1,4.71,0.0,0.0,2119,-5.46875,50,14.56
2021-07-16 11:14:12,23.032007,120.23812,22.0,1238,42,3.9,4.71,0.0,0.0,2119,-5.46875,50,14.56
2021-07-16 11:14:13,23.032007,120.23812,22.0,1200,34,2.8,4.71,0.0,0.0,2119,-5.46875,51,14.4
2021-07-16 11:14:15,23.032007,120.23812,14.0,1388,24,3.0,3.92,0.0,0.0,2119,-5.46875,51,14.16
2021-07-16 11:14:16,23.032007,120.23812,20.0,875,20,8.6,6.67,1.12280702,14.9,2119,-5.46875,51,13.12
2021-07-16 11:14:18,23.032007,120.23812,29.0,1800,20,15.2,14.51,1.12280702,27.84,2119,-3.90625,50,12.56
2021-07-16 11:14:20,23.032007,120.23812,69.0,1900,24,23.2,18.43,0.99224806,39.61,2119,-3.90625,50,12.24
2021-07-16 11:14:22,23.030888,120.23606,52.0,2363,34,3.3,5.1,1.0,0.0,2119,-7.03125,51,12.08
2021-07-16 11:14:24,23.030888,120.23606,14.0,1000,30,2.5,3.14,0.98461538,0.0,2119,-7.03125,51,12.08
2021-07-16 11:14:25,23.030888,120.23606,19.0,888,26,2.5,3.14,0.99224806,0.0,2119,-7.03125,51,12.08
2021-07-16 11:14:27,23.030704,120.23571,19.0,913,20,2.4,2.75,1.0,0.0,2119,-7.03125,51,12.08
2021-07-16 11:14:29,23.030704,120.23571,19.0,875,16,2.4,2.75,1.00787402,0.0,2119,-7.03125,52,12.0
2021-07-16 11:14:30,23.030704,120.23571,19.0,825,8,3.9,5.1,1.0,0.0,2119,-7.03125,52,12.16
2021-07-16 11:14:32,23.030619,120.23553,38.0,725,2,3.7,4.71,0.99224806,0.0,2119,-7.03125,52,12.08
2021-07-16 11:14:34,23.030619,120.23553,37.0,738,0,2.9,3.92,1.0,0.0,2119,-7.03125,52,12.0
2021-07-16 11:14:35,23.030619,120.23553,33.0,713,0,2.9,4.31,1.00787402,0.0,2119,-7.03125,52,12.0
2021-07-16 11:14:37,23.030622,120.23551,33.0,700,0,3.1,3.92,1.00787402,0.0,2119,-7.03125,52,12.08
2021-07-16 11:14:39,23.030622,120.23551,33.0,700,0,3.0,3.92,1.00787402,0.0,2119,-7.03125,52,12.08
2021-07-16 11:14:40,23.030622,120.23551,33.0,713,0,3.0,4.31,1.00787402,0.0,2119,-7.03125,52,12.0
2021-07-16 11:14:42,23.030626,120.2355,35.0,700,0,3.2,4.31,1.0,0.0,2119,-7.03125,52,12.32
2021-07-16 11:14:44,23.030626,120.2355,35.0,700,0,3.5,4.71,1.0,0.0,2119,-7.03125,52,12.48
2021-07-16 11:14:46,23.030634,120.23548,37.0,700,0,3.4,4.71,1.0,0.0,2119,-7.03125,52,12.56
2021-07-16 11:14:48,23.030634,120.23548,38.0,700,0,3.7,4.71,1.0,0.0,2119,-7.03125,52,12.48
2021-07-16 11:14:49,23.030634,120.23548,39.0,688,0,3.7,4.71,0.99224806,9.41,2119,-7.8125,52,13.04
2021-07-16 11:14:51,23.030643,120.23546,55.0,1325,2,11.6,10.59,1.00787402,26.67,2119,-5.46875,52,13.04
2021-07-16 11:14:53,23.030643,120.23546,64.0,1400,8,20.2,16.08,1.0,33.33,2119,-3.90625,53,13.04
2021-07-16 11:14:54,23.030643,120.23546,79.0,2213,22,26.4,28.63,1.00787402,32.94,2119,-3.125,53,12.96
2021-07-16 11:14:56,23.030535,120.23528,82.0,2238,30,24.7,28.24,1.0,27.06,2119,-2.34375,54,13.04
2021-07-16 11:14:58,23.030535,120.23528,76.0,2300,40,17.5,22.75,0.99224806,14.12,2119,-3.125,53,13.04
2021-07-16 11:14:59,23.030535,120.23528,49.0,1650,44,6.4,6.67,0.99224806,8.63,2119,-5.46875,53,13.12
2021-07-16 11:15:01,23.030262,120.23481,53.0,1575,44,12.1,12.94,1.01587302,15.69,2119,-5.46875,53,13.04
2021-07-16 11:15:03,23.030262,120.23481,70.0,1338,46,13.3,14.9,1.00787402,15.69,2119,-5.46875,52,13.04
2021-07-16 11:15:04,23.030262,120.23481,71.0,1300,50,7.3,7.06,0.99224806,8.63,2119,-5.46875,52,13.04
2021-07-16 11:15:06,23.030262,120.23481,44.0,1188,50,6.6,7.84,1.0,8.24,2119,-5.46875,52,13.04
2021-07-16 11:15:08,23.030262,120.23481,41.0,1238,50,6.7,7.84,1.00787402,7.84,2119,-5.46875,52,13.12
2021-07-16 11:15:10,23.030262,120.23481,40.0,1263,50,6.1,7.84,1.00787402,7.45,2119,-6.25,52,13.04
2021-07-16 11:15:11,23.030262,120.23481,37.0,1238,52,6.2,7.06,1.00787402,7.45,2119,-6.25,51,13.36
2021-07-16 11:15:13,23.029497,120.23343,37.0,1238,52,3.9,4.71,0.0,0.0,2119,-6.25,52,14.64
2021-07-16 11:15:15,23.029497,120.23343,18.0,1263,48,2.8,3.53,0.0,0.0,2119,-6.25,52,14.56
2021-07-16 11:15:16,23.029497,120.23343,15.0,1275,46,2.8,3.53,0.0,0.0,2119,-6.25,52,14.64
2021-07-16 11:15:18,23.029184,120.23289,15.0,1288,44,4.0,5.1,1.12280702,5.88,2119,-6.25,52,13.12
2021-07-16 11:15:20,23.029184,120.23289,21.0,1275,42,9.8,6.27,1.12280702,12.94,2119,-5.46875,51,12.96
2021-07-16 11:15:21,23.029184,120.23289,64.0,1275,44,10.4,11.76,0.99224806,12.94,2119,-6.25,51,12.96
2021-07-16 11:15:23,23.028881,120.23238,62.0,1263,46,10.9,12.16,0.99224806,12.94,2119,-6.25,50,13.04
2021-07-16 11:15:25,23.028881,120.23238,64.0,1213,46,7.5,4.31,1.0,12.16,2119,-6.25,50,13.12
2021-07-16 11:15:26,23.028881,120.23238,52.0,1263,46,9.8,10.98,1.0,12.16,2119,-6.25,50,12.96
2021-07-16 11:15:28,23.028881,120.23238,61.0,1250,48,3.7,4.31,0.0,0.0,2119,-6.25,50,14.56
2021-07-16 11:15:30,23.028881,120.23238,22.0,1250,44,3.7,4.71,0.0,0.0,2119,-6.25,50,14.48
2021-07-16 11:15:32,23.02829,120.23139,20.0,1250,42,3.7,4.71,0.0,0.0,2119,-6.25,50,14.56
2021-07-16 11:15:34,23.02829,120.23139,20.0,1250,38,3.7,4.71,0.0,0.0,2119,-6.25,50,14.64
2021-07-16 11:15:35,23.02829,120.23139,21.0,1225,34,2.8,4.71,0.0,0.0,2119,-6.25,51,14.56
2021-07-16 11:15:37,23.028032,120.23101,15.0,1263,22,2.9,3.53,0.0,0.0,2120,-6.25,51,14.56
2021-07-16 11:15:39,23.028032,120.23101,15.0,1275,18,2.8,3.53,0.8707483,0.0,2120,-7.03125,51,14.16
2021-07-16 11:15:40,23.028032,120.23101,16.0,900,12,4.2,5.1,1.12280702,0.0,2120,-7.03125,51,13.28
2021-07-16 11:15:42,23.027918,120.23082,36.0,838,8,3.9,5.49,1.12280702,0.0,2120,-7.03125,51,12.64
2021-07-16 11:15:44,23.027918,120.23082,38.0,800,8,3.6,4.31,1.12280702,0.0,2120,-7.03125,51,12.32
2021-07-16 11:15:45,23.027918,120.23082,33.0,788,8,3.0,4.31,1.12280702,0.0,2120,-7.03125,51,12.16
2021-07-16 11:15:47,23.027859,120.23072,30.0,700,6,2.9,3.53,1.12280702,0.0,2120,-7.03125,51,12.08
2021-07-16 11:15:49,23.027859,120.23072,31.0,675,2,2.8,3.53,0.98461538,0.0,2120,-7.03125,51,11.92
2021-07-16 11:15:51,23.027845,120.23069,31.0,625,0,2.8,3.53,0.99224806,0.0,2120,-7.03125,51,12.16
2021-07-16 11:15:53,23.027845,120.23069,31.0,663,0,2.9,3.53,1.0,0.0,2120,-7.03125,51,12.0
2021-07-16 11:15:54,23.027845,120.23069,31.0,675,0,2.8,3.53,1.0,0.0,2120,-7.03125,51,11.92
2021-07-16 11:15:56,23.027845,120.23069,31.0,675,0,2.9,3.92,1.0,0.0,2120,-7.03125,51,12.08
2021-07-16 11:15:58,23.027845,120.23069,33.0,713,0,3.1,4.31,1.0,0.0,2120,-7.03125,51,11.92
2021-07-16 11:15:59,23.027845,120.23069,33.0,713,0,3.1,3.92,1.0,0.0,2120,-7.03125,51,12.08
2021-07-16 11:16:01,23.027845,120.23069,33.0,713,0,3.0,3.92,1.00787402,0.0,2120,-7.03125,51,12.08
2021-07-16 11:16:02,23.027845,120.23069,33.0,700,0,3.0,3.92,1.0,0.0,2120,-7.03125,51,12.16
2021-07-16 11:16:04,23.027845,120.23069,33.0,713,0,3.0,3.92,1.0,0.0,2120,-7.03125,51,12.0
2021-07-16 11:16:06,23.027845,120.23069,33.0,700,0,3.2,3.92,1.0,0.0,2120,-7.03125,52,12.16
2021-07-16 11:16:08,23.027845,120.23069,33.0,713,0,3.3,3.92,1.0,0.0,2120,-7.03125,52,12.08
2021-07-16 11:16:09,23.027845,120.23069,33.0,713,0,3.2,3.92,1.0,0.0,2120,-7.03125,52,12.0
2021-07-16 11:16:11,23.027845,120.23069,34.0,700,0,3.5,4.31,1.0,0.0,2120,-7.03125,52,12.08
2021-07-16 11:16:13,23.027845,120.23069,35.0,700,0,8.9,4.31,0.99224806,17.65,2120,-5.46875,52,13.04
2021-07-16 11:16:15,23.027828,120.23066,59.0,1750,14,16.0,16.08,1.0,25.88,2120,-3.125,52,13.04
2021-07-16 11:16:17,23.027828,120.23066,72.0,1988,20,23.0,22.75,1.00787402,31.37,2120,-3.125,52,13.04
2021-07-16 11:16:18,23.027828,120.23066,80.0,2138,26,23.3,27.84,1.0,27.84,2120,-2.34375,53,13.04
2021-07-16 11:16:20,23.02767,120.23041,79.0,2150,36,7.5,23.53,0.99224806,7.45,2120,-6.25,52,13.04
2021-07-16 11:16:22,23.02767,120.23041,27.0,1575,40,2.9,6.67,0.0,0.0,2120,-6.25,52,14.48
2021-07-16 11:16:23,23.02767,120.23041,16.0,1325,36,3.1,3.92,0.0,0.0,2120,-6.25,53,14.48
2021-07-16 11:16:25,23.027399,120.22998,17.0,1250,32,5.2,3.92,1.12280702,9.41,2120,-6.25,53,13.04
2021-07-16 11:16:27,23.027399,120.22998,48.0,1250,32,6.6,15.29,1.12280702,0.0,2120,-6.25,52,13.04
2021-07-16 11:16:28,23.027399,120.22998,28.0,1275,32,5.2,4.31,0.8707483,10.59,2120,-6.25,52,13.12
2021-07-16 11:16:30,23.027145,120.22961,47.0,1263,32,9.1,9.8,1.12280702,12.94,2120,-5.46875,52,13.12
2021-07-16 11:16:32,23.027145,120.22961,53.0,1263,34,8.9,10.2,0.99224806,12.94,2120,-6.25,51,13.04
2021-07-16 11:16:33,23.027145,120.22961,53.0,1213,34,3.5,4.31,0.0,0.0,2120,-7.03125,52,12.96
2021-07-16 11:16:35,23.02688,120.22923,27.0,925,34,2.6,4.31,1.00787402,0.0,2120,-7.03125,52,13.04
2021-07-16 11:16:37,23.02688,120.22923,20.0,900,30,2.7,3.14,1.00787402,3.92,2120,-6.25,52,13.04
2021-07-16 11:16:39,23.026676,120.22896,23.0,1188,30,5.3,5.88,1.01587302,7.84,2120,-6.25,52,13.04
2021-07-16 11:16:41,23.026676,120.22896,30.0,1225,30,2.8,6.27,1.0,10.98,2120,-6.25,52,12.64
2021-07-16 11:16:42,23.026676,120.22896,25.0,1238,32,13.1,13.33,0.99224806,17.65,2120,-6.25,51,13.12
2021-07-16 11:16:44,23.026421,120.22862,76.0,1438,34,15.3,17.25,1.0,18.04,2120,-6.25,51,12.96
2021-07-16 11:16:46,23.026421,120.22862,75.0,1350,38,3.6,4.31,0.0,0.0,2120,-6.25,51,13.12
2021-07-16 11:16:47,23.026421,120.22862,20.0,1213,36,3.5,4.31,0.0,0.0,2120,-6.25,51,13.04
2021-07-16 11:16:49,23.026129,120.22824,20.0,1225,32,2.9,3.53,0.0,0.0,2120,-6.25,51,14.48
2021-07-16 11:16:51,23.026129,120.22824,16.0,1238,30,3.8,3.53,0.0,3.53,2120,-6.25,51,13.44
2021-07-16 11:16:52,23.026129,120.22824,17.0,1513,28,9.6,10.2,1.12280702,11.76,2120,-6.25,51,13.04
2021-07-16 11:16:54,23.025879,120.22793,49.0,1263,30,8.7,9.8,1.12280702,11.76,2120,-7.03125,50,13.04
2021-07-16 11:16:56,23.025879,120.22793,51.0,1225,32,3.5,4.31,1.0,0.0,2120,-7.03125,50,12.88
2021-07-16 11:16:57,23.025879,120.22793,29.0,1163,32,3.0,4.31,0.99224806,0.0,2120,-7.03125,50,12.4
2021-07-16 11:16:59,23.025879,120.22793,25.0,900,30,3.2,3.92,1.0,0.0,2120,-7.03125,51,12.16
2021-07-16 11:17:01,23.025879,120.22793,24.0,938,24,3.1,3.92,1.00787402,0.0,2120,-7.03125,51,12.08
2021-07-16 11:17:03,23.025879,120.22793,24.0,975,18,2.5,2.75,1.00787402,0.0,2120,-7.03125,51,12.0
2021-07-16 11:17:04,23.025879,120.22793,18.0,900,12,2.4,2.75,1.00787402,0.0,2120,-7.03125,51,12.0
2021-07-16 11:17:06,23.025406,120.22731,25.0,700,4,2.3,3.14,1.0,0.0,2120,-7.03125,51,12.08
2021-07-16 11:17:08,23.025406,120.22731,26.0,675,2,3.3,2.75,1.0,0.0,2120,-7.03125,51,11.92
2021-07-16 11:17:09,23.025406,120.22731,28.0,725,0,3.4,4.31,1.0,0.0,2120,-7.03125,51,12.08
2021-07-16 11:17:11,23.025406,120.22731,34.0,663,0,2.8,3.92,1.0,0.0,2120,-7.03125,51,12.08
2021-07-16 11:17:13,23.025406,120.22731,32.0,650,0,2.9,3.53,1.00787402,0.0,2120,-7.03125,51,12.0
2021-07-16 11:17:14,23.025406,120.22731,32.0,638,0,3.1,3.53,1.00787402,0.0,2120,-7.03125,51,11.92
2021-07-16 11:17:16,23.025402,120.22723,32.0,688,0,3.1,3.92,1.00787402,0.0,2120,-7.03125,51,12.16
2021-07-16 11:17:18,23.025402,120.22723,33.0,700,0,3.4,4.31,1.00787402,0.0,2120,-7.03125,51,12.0
2021-07-16 11:17:19,23.025402,120.22723,34.0,713,0,4.0,4.31,1.0,14.51,2120,-7.8125,51,12.88
2021-07-16 11:17:21,23.025402,120.22723,56.0,1263,2,11.7,10.59,1.00787402,23.14,2120,-7.03125,51,13.04
2021-07-16 11:17:23,23.025379,120.22717,65.0,1675,14,15.4,15.29,0.99224806,22.75,2120,-2.34375,51,13.04
2021-07-16 11:17:25,23.025379,120.22717,68.0,1650,20,4.2,5.88,0.99224806,0.0,2120,-7.03125,52,13.04
2021-07-16 11:17:26,23.025379,120.22717,36.0,813,20,3.9,5.1,1.0,0.0,2120,-7.03125,52,13.04
2021-07-16 11:17:28,23.025331,120.22698,30.0,900,16,2.9,3.53,1.0,0.0,2120,-7.03125,53,12.96
2021-07-16 11:17:30,23.025331,120.22698,24.0,600,2,3.0,3.53,1.0,0.0,2120,-7.03125,53,12.96
2021-07-16 11:17:31,23.025331,120.22698,30.0,663,0,2.4,3.53,1.0,0.0,2120,-7.03125,53,13.04
2021-07-16 11:17:33,23.025331,120.22698,29.0,675,0,3.9,4.71,1.0,0.0,2120,-7.03125,53,12.96
2021-07-16 11:17:35,23.025331,120.22698,42.0,725,0,3.7,5.49,1.0,0.0,2120,-7.03125,53,12.96
2021-07-16 11:17:36,23.025331,120.22698,41.0,700,0,3.4,4.71,0.99224806,0.0,2120,-7.03125,53,13.2
2021-07-16 11:17:38,23.025354,120.2269,38.0,700,0,3.3,4.71,1.0,0.0,2120,-7.03125,53,12.96
2021-07-16 11:17:40,23.025354,120.2269,38.0,713,0,7.3,4.71,1.0,14.12,2120,-7.03125,53,13.04
2021-07-16 11:17:41,23.025354,120.2269,52.0,1338,4,13.3,10.98,1.01587302,26.27,2120,-2.34375,53,13.12
2021-07-16 11:17:43,23.025354,120.2269,72.0,1938,18,18.7,19.61,1.0,24.71,2120,-2.34375,54,12.96
2021-07-16 11:17:45,23.025354,120.2269,70.0,2050,24,20.4,19.61,1.0,22.35,2120,-3.125,54,13.12
2021-07-16 11:17:47,23.025354,120.2269,74.0,1975,34,18.2,18.04,1.0,20.39,2120,-3.125,54,13.04
2021-07-16 11:17:48,23.025354,120.2269,71.0,1963,38,20.1,18.82,1.00787402,21.18,2120,-3.90625,53,13.04
2021-07-16 11:17:50,23.025824,120.22651,89.0,2813,46,34.2,44.71,1.0,37.25,2120,-0.78125,51,13.12
2021-07-16 11:17:52,23.025824,120.22651,83.0,2463,52,2.7,34.51,0.0,0.0,2120,-6.25,51,14.56
2021-07-16 11:17:53,23.025824,120.22651,17.0,1213,52,3.5,3.53,0.8707483,23.92,2120,-6.25,51,13.2
2021-07-16 11:17:55,23.026327,120.22607,29.0,1875,52,24.1,22.35,1.024,7.45,2120,-6.25,50,12.64
2021-07-16 11:17:57,23.026327,120.22607,81.0,1288,56,4.1,5.1,0.0,0.0,2120,-6.25,50,14.56
2021-07-16 11:17:58,23.026327,120.22607,24.0,1213,54,3.8,4.71,0.0,0.0,2120,-6.25,50,14.48
2021-07-16 11:18:00,23.026894,120.22561,22.0,1250,52,3.8,4.71,0.0,0.0,2120,-6.25,50,14.56
2021-07-16 11:18:02,23.026894,120.22561,21.0,1250,50,3.7,4.71,0.0,0.0,2120,-6.25,50,14.56
2021-07-16 11:18:03,23.026894,120.22561,20.0,1225,44,3.7,4.71,0.0,0.0,2120,-6.25,50,14.56
2021-07-16 11:18:05,23.026894,120.22561,16.0,1250,36,20.3,25.1,1.12280702,29.02,2120,-1.5625,50,12.72
2021-07-16 11:18:07,23.026894,120.22561,91.0,2088,38,30.5,45.49,1.0,52.16,2120,-0.78125,49,12.56
2021-07-16 11:18:09,23.027803,120.22514,90.0,2375,50,20.9,21.57,1.0,23.14,2120,-4.6875,48,12.32
2021-07-16 11:18:11,23.027803,120.22514,79.0,1875,52,23.0,21.57,1.00787402,54.51,2120,-0.78125,47,12.08
2021-07-16 11:18:12,23.027803,120.22514,95.0,2988,60,21.1,21.96,0.99224806,0.0,2120,-6.25,47,12.96
2021-07-16 11:18:14,23.028458,120.22487,13.0,1650,60,4.4,4.71,0.0,0.0,2120,-6.25,48,14.48
2021-07-16 11:18:16,23.028458,120.22487,24.0,1225,52,3.8,4.71,0.0,0.0,2120,-6.25,48,14.48
2021-07-16 11:18:17,23.028458,120.22487,22.0,1250,50,3.9,4.71,0.0,0.0,2120,-6.25,48,14.56
2021-07-16 11:18:19,23.028458,120.22487,21.0,1225,44,2.8,3.53,0.0,0.0,2120,-6.25,48,14.56
2021-07-16 11:18:21,23.028458,120.22487,14.0,1425,32,14.8,4.71,1.12280702,26.67,2120,-7.03125,48,13.04
2021-07-16 11:18:22,23.028458,120.22487,80.0,1475,32,21.0,26.27,0.99224806,27.45,2121,-1.5625,48,12.48
2021-07-16 11:18:24,23.029476,120.22469,83.0,1838,40,20.3,25.1,1.0,26.67,2121,-2.34375,47,12.16
2021-07-16 11:18:26,23.029476,120.22469,85.0,1813,44,3.5,25.1,0.99224806,0.0,2121,-6.25,47,13.52
2021-07-16 11:18:28,23.02981,120.22503,20.0,1175,44,3.8,4.71,1.024,0.0,2121,-7.03125,48,13.28
2021-07-16 11:18:30,23.02981,120.22503,30.0,850,40,3.4,4.31,1.024,0.0,2121,-7.03125,48,12.48
2021-07-16 11:18:31,23.02981,120.22503,26.0,975,36,2.4,2.75,1.024,0.0,2121,-7.03125,48,12.32
2021-07-16 11:18:33,23.030155,120.22536,18.0,925,18,2.5,2.75,1.024,0.0,2121,-7.03125,48,12.16
2021-07-16 11:18:35,23.030155,120.22536,19.0,850,8,3.9,3.14,1.024,0.0,2121,-7.03125,49,11.92
2021-07-16 11:18:36,23.030155,120.22536,37.0,775,0,12.7,10.2,1.024,26.67,2121,-7.03125,48,12.96
2021-07-16 11:18:38,23.030228,120.22543,61.0,1588,6,27.0,25.49,1.0,35.69,2121,-1.5625,48,11.92
2021-07-16 11:18:40,23.030228,120.22543,77.0,2838,22,16.8,22.75,0.99224806,22.35,2121,-0.78125,49,12.08
2021-07-16 11:18:41,23.030228,120.22543,51.0,2313,28,26.7,19.61,1.00787402,30.59,2121,-2.34375,49,12.08
2021-07-16 11:18:43,23.030441,120.22566,83.0,1975,36,16.9,23.92,0.99224806,0.0,2121,-6.25,49,12.88
2021-07-16 11:18:45,23.030441,120.22566,30.0,1563,40,3.4,3.14,0.8707483,18.43,2121,-6.25,49,13.36
2021-07-16 11:18:46,23.030441,120.22566,59.0,1813,38,19.1,22.35,1.0,22.75,2121,-4.6875,49,12.32
2021-07-16 11:18:48,23.030783,120.22604,79.0,1725,42,2.3,13.33,0.0,0.0,2121,-6.25,49,14.48
2021-07-16 11:18:50,23.030783,120.22604,16.0,1200,38,2.9,3.53,0.0,0.0,2121,-6.25,49,14.56
2021-07-16 11:18:52,23.031054,120.22634,27.0,1013,28,4.1,5.49,1.12280702,0.0,2121,-6.25,49,13.52
2021-07-16 11:18:54,23.031054,120.22634,30.0,988,24,3.7,5.1,1.12280702,0.0,2121,-6.25,49,12.8
2021-07-16 11:18:55,23.031054,120.22634,25.0,1263,20,5.7,6.67,1.12280702,0.0,2121,-6.25,49,12.64
2021-07-16 11:18:57,23.031271,120.22655,26.0,1050,20,8.0,4.31,0.99224806,10.98,2121,-6.25,49,12.96
2021-07-16 11:18:59,23.031271,120.22655,30.0,1450,20,5.7,9.41,0.99224806,0.0,2121,-6.25,49,12.88
2021-07-16 11:19:00,23.031271,120.22655,29.0,1150,20,3.3,4.31,0.99224806,0.0,2121,-7.03125,49,12.48
2021-07-16 11:19:02,23.031446,120.22672,29.0,763,8,4.2,3.14,1.0,16.08,2121,-6.25,49,12.4
2021-07-16 11:19:04,23.031446,120.22672,56.0,1800,8,21.1,14.12,1.01587302,28.24,2121,-0.78125,49,12.16
2021-07-16 11:19:05,23.031446,120.22672,62.0,1925,20,2.4,3.14,1.0,0.0,2121,-6.25,49,12.16
2021-07-16 11:19:07,23.031588,120.22687,15.0,1000,20,2.5,2.75,0.99224806,4.71,2121,-7.03125,50,12.0
2021-07-16 11:19:09,23.031588,120.22687,20.0,1563,20,13.9,14.12,1.0,22.75,2121,-5.46875,49,12.0
2021-07-16 11:19:10,23.031588,120.22687,61.0,1875,22,17.2,15.29,1.0,15.29,2121,-4.6875,49,12.0
2021-07-16 11:19:12,23.031794,120.22707,61.0,1388,26,2.8,3.14,0.99224806,0.0,2121,-6.25,49,14.48
2021-07-16 11:19:14,23.031794,120.22707,16.0,1238,22,3.2,3.92,1.024,0.0,2121,-6.25,49,13.44
2021-07-16 11:19:16,23.03196,120.22724,34.0,975,14,4.2,5.49,1.024,0.0,2121,-7.03125,49,12.8
2021-07-16 11:19:18,23.03196,120.22724,39.0,763,0,3.6,4.31,1.024,0.0,2121,-7.03125,49,12.32
2021-07-16 11:19:19,23.03196,120.22724,34.0,738,0,6.5,3.92,1.024,16.47,2121,-7.03125,49,12.96
2021-07-16 11:19:21,23.031998,120.22729,47.0,1013,6,4.7,5.49,1.024,0.0,2121,-6.25,49,12.56
2021-07-16 11:19:23,23.031998,120.22729,31.0,1013,6,7.8,5.88,1.024,13.33,2121,-6.25,50,13.04
2021-07-16 11:19:24,23.031998,120.22729,42.0,1625,12,18.0,18.82,1.024,35.29,2121,-4.6875,50,12.24
2021-07-16 11:19:26,23.032078,120.22737,81.0,2150,20,4.4,32.55,0.99224806,0.0,2121,-6.25,50,12.08
2021-07-16 11:19:28,23.032078,120.22737,19.0,1963,24,2.8,3.14,0.99224806,6.27,2121,-6.25,51,12.24
2021-07-16 11:19:29,23.032078,120.22737,51.0,1738,22,17.8,13.73,1.00787402,29.02,2121,-4.6875,51,12.08
2021-07-16 11:19:31,23.03229,120.22759,63.0,2088,26,2.9,3.53,0.0,0.0,2121,-6.25,51,14.56
2021-07-16 11:19:33,23.03229,120.22759,16.0,1488,24,5.6,3.92,1.12280702,14.9,2121,-6.25,52,12.96
2021-07-16 11:19:34,23.03229,120.22759,29.0,1725,22,22.1,15.69,0.99224806,32.94,2121,-2.34375,51,12.16
2021-07-16 11:19:36,23.03229,120.22759,82.0,2300,32,25.3,28.24,1.0,29.02,2121,-2.34375,49,12.08
2021-07-16 11:19:38,23.03229,120.22759,82.0,2038,38,4.3,4.71,0.99224806,5.49,2121,-6.25,49,12.88
2021-07-16 11:19:40,23.03281,120.2281,22.0,1213,36,13.8,20.39,1.01587302,22.75,2121,-4.6875,49,13.04
2021-07-16 11:19:42,23.03281,120.2281,86.0,1525,38,18.4,22.35,1.00787402,23.53,2121,-2.34375,49,12.96
2021-07-16 11:19:43,23.03281,120.2281,84.0,1675,42,17.4,21.18,1.0,0.0,2121,-6.25,49,14.0
2021-07-16 11:19:45,23.033207,120.22845,16.0,1313,44,2.8,3.53,0.0,0.0,2121,-6.25,49,14.4
2021-07-16 11:19:47,23.033207,120.22845,16.0,925,42,2.7,3.92,1.024,0.0,2121,-7.03125,50,13.52
2021-07-16 11:19:48,23.033207,120.22845,23.0,950,36,2.7,3.14,1.024,0.0,2121,-6.25,50,12.64
2021-07-16 11:19:50,23.033594,120.22881,24.0,1000,36,5.2,5.1,1.024,7.84,2121,-6.25,50,12.88
2021-07-16 11:19:52,23.033594,120.22881,27.0,1700,36,15.5,13.73,1.024,25.88,2121,-4.6875,49,13.12
2021-07-16 11:19:53,23.033594,120.22881,93.0,1488,38,24.1,35.29,1.0,36.86,2121,-3.125,49,12.32
2021-07-16 11:19:55,23.03396,120.22915,88.0,2088,46,3.6,33.73,0.99224806,0.0,2121,-6.25,49,13.6
2021-07-16 11:19:57,23.03396,120.22915,15.0,1475,46,4.3,5.1,0.0,0.0,2121,-6.25,49,14.64
2021-07-16 11:19:59,23.034306,120.22947,23.0,1213,40,3.2,4.71,0.0,0.0,2121,-6.25,49,14.48
2021-07-16 11:20:01,23.034306,120.22947,23.0,1025,24,4.7,5.1,1.12280702,0.0,2121,-6.25,49,13.92
2021-07-16 11:20:02,23.034306,120.22947,30.0,1125,14,4.3,5.49,1.12280702,0.0,2121,-7.03125,49,13.04
2021-07-16 11:20:04,23.034496,120.22967,38.0,750,0,3.1,4.31,1.12280702,0.0,2121,-7.03125,50,12.32
2021-07-16 11:20:06,23.034496,120.22967,33.0,738,0,2.8,3.92,0.99224806,0.0,2121,-7.03125,50,12.0
2021-07-16 11:20:07,23.034496,120.22967,31.0,688,0,3.0,3.92,0.99224806,0.0,2121,-7.03125,50,12.08
2021-07-16 11:20:09,23.034492,120.22971,32.0,688,0,3.0,3.92,1.0,0.0,2121,-7.03125,50,12.08
2021-07-16 11:20:11,23.034492,120.22971,33.0,713,0,3.0,3.92,1.0,0.0,2121,-7.03125,50,12.0
2021-07-16 11:20:12,23.034492,120.22971,33.0,713,0,3.3,3.92,1.0,0.0,2121,-7.03125,50,12.0
2021-07-16 11:20:14,23.034492,120.22971,33.0,700,0,3.0,3.92,1.0,0.0,2121,-7.03125,50,12.16
2021-07-16 11:20:16,23.034492,120.22971,33.0,713,0,3.0,3.92,1.0,0.0,2121,-7.03125,50,12.16
2021-07-16 11:20:17,23.034492,120.22971,33.0,713,0,3.3,3.92,1.0,0.0,2121,-7.03125,51,12.0
2021-07-16 11:20:19,23.034487,120.22972,34.0,713,0,3.3,3.92,1.0,0.0,2121,-7.03125,51,11.92
2021-07-16 11:20:21,23.034487,120.22972,38.0,800,0,10.1,9.8,1.0,22.35,2121,-7.03125,51,12.96
2021-07-16 11:20:23,23.034504,120.22974,56.0,1638,10,5.3,6.27,0.99224806,0.0,2121,-6.25,51,13.04
2021-07-16 11:20:25,23.034504,120.22974,24.0,1238,12,4.0,5.49,0.99224806,0.0,2121,-7.03125,51,12.56
2021-07-16 11:20:26,23.034504,120.22974,32.0,963,8,3.3,4.31,1.0,0.0,2121,-7.03125,52,12.0
2021-07-16 11:20:28,23.034594,120.22983,28.0,863,4,3.0,3.53,1.0,0.0,2121,-7.03125,52,11.92
2021-07-16 11:20:30,23.034594,120.22983,25.0,800,4,2.7,3.53,1.0,0.0,2121,-7.03125,52,12.08
2021-07-16 11:20:31,23.034594,120.22983,28.0,713,0,2.5,3.14,1.0,0.0,2121,-7.03125,52,12.0
2021-07-16 11:20:33,23.034615,120.22985,26.0,688,0,2.3,2.75,1.00787402,0.0,2121,-7.03125,52,11.92
2021-07-16 11:20:35,23.034615,120.22985,37.0,725,0,3.4,4.71,0.99224806,0.0,2121,-7.03125,52,12.16
2021-07-16 11:20:36,23.034615,120.22985,37.0,700,0,3.3,4.71,1.0,0.0,2121,-7.03125,53,12.24
2021-07-16 11:20:38,23.034615,120.22986,47.0,700,0,9.8,9.8,1.0,17.25,2121,-7.03125,53,12.96
2021-07-16 11:20:40,23.034615,120.22986,53.0,1363,6,13.1,11.37,1.00787402,24.71,2121,-6.25,53,12.96
2021-07-16 11:20:41,23.034615,120.22986,67.0,1713,16,4.2,11.37,0.99224806,0.0,2121,-6.25,53,13.04
2021-07-16 11:20:43,23.034615,120.22986,22.0,913,8,5.7,5.1,0.99224806,19.22,2121,-6.25,53,13.04
2021-07-16 11:20:45,23.034615,120.22986,53.0,1675,10,19.9,13.33,1.00787402,29.8,2121,-4.6875,54,13.04
2021-07-16 11:20:47,23.034615,120.22986,65.0,2613,20,25.9,22.75,1.0,28.24,2121,-0.78125,55,12.88
2021-07-16 11:20:48,23.034615,120.22986,69.0,2613,26,15.1,16.08,0.99224806,15.69,2121,-4.6875,55,12.96
2021-07-16 11:20:50,23.034977,120.23018,50.0,1313,32,7.4,6.67,0.99224806,15.29,2121,-6.25,55,12.96
2021-07-16 11:20:52,23.034977,120.23018,72.0,1375,32,13.3,12.94,1.01587302,15.69,2121,-4.6875,55,13.28
2021-07-16 11:20:53,23.034977,120.23018,54.0,1325,34,6.4,7.06,0.99224806,10.2,2121,-6.25,55,13.04
2021-07-16 11:20:55,23.035288,120.23048,48.0,1238,34,9.6,11.37,1.01587302,12.94,2121,-6.25,55,13.04
2021-07-16 11:20:57,23.035288,120.23048,59.0,1250,36,4.2,5.1,0.99224806,0.0,2121,-6.25,55,12.88
2021-07-16 11:20:58,23.035288,120.23048,31.0,788,36,3.8,4.71,0.99224806,0.0,2121,-7.03125,55,13.04
2021-07-16 11:21:00,23.035625,120.23084,29.0,963,36,3.9,4.71,1.0,0.0,2121,-7.03125,55,12.96
2021-07-16 11:21:02,23.035625,120.23084,29.0,925,34,3.6,4.71,1.0,0.0,2121,-7.03125,54,12.96
2021-07-16 11:21:04,23.035625,120.23084,28.0,963,34,3.8,4.71,1.0,0.0,2121,-7.03125,54,12.96
2021-07-16 11:21:06,23.035625,120.23084,30.0,963,34,4.4,4.71,1.0,4.31,2121,-6.25,54,13.04
2021-07-16 11:21:07,23.035625,120.23084,25.0,1038,34,3.7,4.71,1.0,1.96,2121,-6.25,54,13.04
2021-07-16 11:21:09,23.03619,120.23144,27.0,988,32,4.8,5.88,1.00787402,7.06,2121,-6.25,54,13.04
2021-07-16 11:21:11,23.03619,120.23144,31.0,1225,32,5.6,6.67,1.00787402,6.67,2121,-6.25,54,13.04
2021-07-16 11:21:12,23.03619,120.23144,33.0,1188,34,5.3,6.67,1.00787402,6.67,2122,-6.25,54,12.96
2021-07-16 11:21:14,23.036497,120.23177,40.0,1025,34,3.6,4.71,1.0,0.0,2122,-6.25,54,12.8
2021-07-16 11:21:16,23.036497,120.23177,25.0,975,34,3.3,4.71,1.0,3.14,2122,-6.25,54,12.32
2021-07-16 11:21:17,23.036497,120.23177,21.0,1113,34,4.9,5.88,1.00787402,5.49,2122,-6.25,54,12.08
2021-07-16 11:21:19,23.036802,120.2321,30.0,1163,34,7.2,6.67,1.0,9.8,2122,-6.25,54,12.08
2021-07-16 11:21:21,23.036802,120.2321,47.0,1113,36,5.9,7.45,0.99224806,4.31,2122,-6.25,54,12.16
2021-07-16 11:21:22,23.036802,120.2321,27.0,1200,36,3.3,2.75,0.8707483,5.1,2122,-6.25,54,13.28
2021-07-16 11:21:24,23.037132,120.23244,24.0,1275,36,5.2,5.88,1.024,7.45,2122,-6.25,55,12.96
2021-07-16 11:21:26,23.037132,120.23244,29.0,1288,36,6.8,7.06,1.024,9.02,2122,-5.46875,55,12.96
2021-07-16 11:21:28,23.037397,120.23273,40.0,1250,38,3.9,5.1,0.0,0.0,2122,-5.46875,55,13.04
2021-07-16 11:21:30,23.037397,120.23273,24.0,1225,36,4.2,4.71,0.8707483,9.02,2122,-5.46875,55,13.04
2021-07-16 11:21:31,23.037397,120.23273,33.0,1288,34,8.9,9.8,1.12280702,10.98,2122,-6.25,55,12.96
2021-07-16 11:21:33,23.037733,120.23309,54.0,1263,36,5.3,7.84,1.12280702,6.67,2122,-5.46875,55,12.96
2021-07-16 11:21:35,23.037733,120.23309,33.0,1238,38,6.4,7.06,0.99224806,8.24,2122,-5.46875,55,12.96
2021-07-16 11:21:36,23.037733,120.23309,36.0,1238,38,8.2,9.02,0.99224806,9.02,2122,-5.46875,55,12.96
2021-07-16 11:21:38,23.038061,120.23347,41.0,1263,38,2.9,3.53,0.0,0.0,2122,-5.46875,55,14.56
2021-07-16 11:21:40,23.038061,120.23347,18.0,1250,34,6.7,7.45,1.024,8.63,2122,-5.46875,55,13.04
2021-07-16 11:21:41,23.038061,120.23347,35.0,1263,34,6.2,7.45,1.024,8.24,2122,-5.46875,55,13.12
2021-07-16 11:21:43,23.038372,120.23383,37.0,1250,36,3.7,7.45,1.024,0.0,2122,-5.46875,55,14.08
2021-07-16 11:21:45,23.038372,120.23383,30.0,1225,36,4.5,6.27,1.12280702,0.0,2122,-5.46875,55,13.68
2021-07-16 11:21:46,23.038372,120.23383,28.0,1038,28,3.9,5.1,1.12280702,0.0,2122,-5.46875,55,12.96
2021-07-16 11:21:48,23.038656,120.23416,27.0,1063,26,3.4,4.71,1.12280702,0.0,2122,-5.46875,55,12.24
2021-07-16 11:21:50,23.038656,120.23416,24.0,1000,18,3.5,4.31,1.12280702,0.0,2122,-5.46875,55,12.08
2021-07-16 11:21:52,23.038795,120.23432,24.0,900,10,3.6,4.31,0.99224806,0.0,2122,-7.03125,55,12.0
2021-07-16 11:21:54,23.038795,120.23432,33.0,763,6,3.7,4.71,0.99224806,0.0,2122,-7.03125,55,12.0
2021-07-16 11:21:55,23.038795,120.23432,38.0,738,0,3.3,4.31,1.0,0.0,2122,-7.03125,55,12.0
2021-07-16 11:21:57,23.038834,120.23438,36.0,725,0,3.2,4.31,1.00787402,0.0,2122,-7.03125,55,11.92
2021-07-16 11:21:59,23.038834,120.23438,35.0,725,0,3.4,4.31,1.00787402,0.0,2122,-7.03125,55,11.92
2021-07-16 11:22:00,23.038834,120.23438,35.0,725,0,3.4,4.31,1.00787402,0.0,2122,-7.03125,55,12.0
2021-07-16 11:22:02,23.038837,120.23438,35.0,725,0,3.3,4.31,1.00787402,0.0,2122,-7.03125,55,12.0
2021-07-16 11:22:04,23.038837,120.23438,36.0,738,0,3.6,4.31,1.00787402,0.0,2122,-7.03125,55,12.0
2021-07-16 11:22:05,23.038837,120.23438,35.0,713,0,3.5,4.31,1.00787402,0.0,2122,-7.03125,55,11.92
2021-07-16 11:22:07,23.038843,120.23439,35.0,700,0,3.3,4.31,1.00787402,0.0,2122,-7.03125,55,12.08
2021-07-16 11:22:09,23.038843,120.23439,35.0,713,0,3.4,4.31,1.0,0.0,2122,-7.03125,55,12.16
2021-07-16 11:22:10,23.038843,120.23439,38.0,713,0,3.6,4.71,1.0,0.0,2122,-7.03125,55,12.4
2021-07-16 11:22:12,23.038837,120.23439,39.0,713,0,3.9,4.71,1.0,0.0,2122,-7.03125,55,12.48
2021-07-16 11:22:14,23.038837,120.23439,40.0,713,0,4.0,4.71,1.0,0.0,2122,-7.03125,56,12.48
2021-07-16 11:22:16,23.038836,120.2344,41.0,700,0,3.9,4.71,0.99224806,0.0,2122,-7.03125,56,12.56
2021-07-16 11:22:18,23.038836,120.2344,42.0,725,0,4.1,5.1,1.0,0.0,2122,-7.03125,56,12.96
2021-07-16 11:22:19,23.038836,120.2344,42.0,713,0,4.0,5.1,1.0,0.0,2122,-7.03125,56,12.88
2021-07-16 11:22:21,23.038832,120.2344,42.0,713,0,3.9,5.1,1.0,0.0,2122,-7.03125,56,12.96
2021-07-16 11:22:23,23.038832,120.2344,42.0,713,0,3.8,5.1,1.0,0.0,2122,-7.03125,56,13.2
2021-07-16 11:22:24,23.038832,120.2344,41.0,713,0,3.7,5.1,1.00787402,0.0,2122,-7.03125,56,12.88
2021-07-16 11:22:26,23.038828,120.23441,41.0,725,0,3.7,4.71,1.00787402,0.0,2122,-7.03125,56,13.12
2021-07-16 11:22:28,23.038828,120.23441,40.0,700,0,3.9,4.71,1.0,0.0,2122,-7.03125,56,12.96
2021-07-16 11:22:29,23.038828,120.23441,40.0,713,0,3.7,5.1,1.00787402,0.0,2122,-7.03125,56,13.04
2021-07-16 11:22:31,23.038826,120.23441,40.0,713,0,3.7,4.71,1.00787402,0.0,2122,-7.03125,57,13.2
2021-07-16 11:22:33,23.038826,120.23441,40.0,700,0,3.6,4.71,1.00787402,0.0,2122,-7.03125,57,13.12
2021-07-16 11:22:34,23.038826,120.23441,40.0,700,0,3.7,4.71,1.00787402,0.0,2122,-7.03125,57,12.96
2021-07-16 11:22:36,23.038826,120.23441,40.0,713,0,5.6,4.71,1.00787402,9.02,2122,-7.8125,57,13.04
2021-07-16 11:22:38,23.038826,120.23441,51.0,938,0,8.3,10.2,1.00787402,19.61,2122,-6.25,57,13.12
2021-07-16 11:22:40,23.038849,120.23443,63.0,1275,8,4.4,5.88,0.99224806,0.0,2122,-5.46875,57,12.96
2021-07-16 11:22:42,23.038849,120.23443,26.0,950,8,3.9,5.1,0.99224806,0.0,2122,-7.03125,57,13.04
2021-07-16 11:22:43,23.038849,120.23443,31.0,938,6,4.2,5.1,1.0,1.57,2122,-7.03125,57,13.04
2021-07-16 11:22:45,23.038906,120.2345,33.0,1088,6,5.3,5.88,1.01587302,0.0,2122,-5.46875,57,13.04
2021-07-16 11:22:47,23.038906,120.2345,36.0,1150,6,4.4,5.49,1.00787402,8.63,2122,-7.03125,58,13.12
2021-07-16 11:22:48,23.038906,120.2345,33.0,1475,8,11.7,12.16,1.01587302,21.57,2122,-4.6875,58,13.12
2021-07-16 11:22:50,23.038889,120.2346,59.0,1950,12,28.3,19.61,1.00787402,41.57,2122,-1.5625,58,13.12
2021-07-16 11:22:52,23.038889,120.2346,79.0,2825,28,36.8,52.55,1.0,59.61,2122,-0.78125,59,12.4
2021-07-16 11:22:53,23.038889,120.2346,82.0,3600,36,49.6,57.25,1.024,56.47,2122,-2.34375,57,12.32
2021-07-16 11:22:55,23.038631,120.23489,85.0,3825,52,45.2,39.61,1.0,36.08,2122,-2.34375,54,12.24
2021-07-16 11:22:57,23.038631,120.23489,76.0,2638,58,29.2,30.98,1.0,28.24,2122,-1.5625,53,12.08
2021-07-16 11:22:59,23.038214,120.23534,12.0,1388,62,3.6,4.31,0.0,0.0,2122,-5.46875,53,14.64
2021-07-16 11:23:01,23.038214,120.23534,20.0,1225,58,4.9,5.88,0.0,0.0,2122,-5.46875,54,14.56
2021-07-16 11:23:02,23.038214,120.23534,28.0,1225,56,4.3,5.49,0.0,0.0,2122,-5.46875,54,14.64
2021-07-16 11:23:04,23.037689,120.23589,25.0,1238,52,4.1,5.1,0.8707483,4.71,2122,-5.46875,54,13.52
2021-07-16 11:23:06,23.037689,120.23589,24.0,1338,52,3.7,5.88,0.0,0.0,2122,-5.46875,54,14.64
2021-07-16 11:23:07,23.037689,120.23589,22.0,1288,50,4.0,5.1,0.0,0.0,2122,-5.46875,54,14.48
2021-07-16 11:23:09,23.037228,120.23637,23.0,1300,46,7.5,7.84,1.12280702,9.02,2122,-5.46875,54,13.28
2021-07-16 11:23:11,23.037228,120.23637,40.0,1325,46,5.9,5.1,1.12280702,9.41,2122,-5.46875,54,13.12
2021-07-16 11:23:12,23.037228,120.23637,51.0,1288,44,11.8,13.73,1.12280702,14.51,2122,-6.25,54,13.04
2021-07-16 11:23:14,23.037228,120.23637,68.0,1350,46,2.9,13.33,1.0,0.0,2122,-5.46875,54,14.56
2021-07-16 11:23:16,23.037228,120.23637,27.0,1238,42,2.9,3.53,0.0,0.0,2122,-5.46875,54,14.56
2021-07-16 11:23:17,23.037228,120.23637,16.0,1250,38,5.7,3.53,1.12280702,7.06,2122,-5.46875,54,13.12
2021-07-16 11:23:19,23.036438,120.23718,33.0,1263,36,13.7,11.37,1.12280702,18.43,2122,-6.25,54,12.96
2021-07-16 11:23:21,23.036438,120.23718,79.0,1463,40,4.1,5.1,0.99224806,0.0,2122,-5.46875,54,14.64
2021-07-16 11:23:23,23.036438,120.23718,22.0,1225,38,4.0,4.71,0.0,0.0,2122,-5.46875,54,14.56
2021-07-16 11:23:24,23.036438,120.23718,22.0,1300,36,11.2,12.94,1.12280702,13.73,2122,-6.25,53,13.12
2021-07-16 11:23:26,23.035957,120.23771,66.0,1350,38,13.0,13.33,0.99224806,16.08,2122,-7.03125,53,13.12
2021-07-16 11:23:28,23.035957,120.23771,71.0,1400,40,3.9,4.71,0.99224806,0.0,2122,-5.46875,53,14.64
2021-07-16 11:23:29,23.035957,120.23771,22.0,1225,38,3.9,4.71,0.0,0.0,2122,-5.46875,53,14.56
2021-07-16 11:23:31,23.035603,120.23808,22.0,1250,32,3.0,3.92,0.0,0.0,2122,-5.46875,53,14.48
2021-07-16 11:23:33,23.035603,120.23808,16.0,1263,28,3.0,3.53,0.0,0.0,2122,-5.46875,53,14.32
2021-07-16 11:23:34,23.035603,120.23808,16.0,1238,26,4.7,5.1,1.12280702,0.0,2122,-5.46875,53,13.92
2021-07-16 11:23:36,23.035355,120.23835,31.0,1038,18,4.1,5.1,1.12280702,0.0,2122,-7.03125,53,13.2
2021-07-16 11:23:38,23.035355,120.23835,30.0,913,10,3.4,5.1,1.12280702,0.0,2122,-7.03125,53,12.48
2021-07-16 11:23:39,23.035355,120.23835,35.0,750,0,3.1,4.31,1.12280702,0.0,2122,-7.03125,54,12.32
2021-07-16 11:23:41,23.035301,120.2384,33.0,738,0,3.1,3.92,0.99224806,0.0,2122,-7.03125,54,12.16
2021-07-16 11:23:43,23.035301,120.2384,33.0,725,0,3.0,4.31,0.99224806,0.0,2122,-7.03125,54,12.08
2021-07-16 11:23:45,23.035299,120.23842,33.0,713,0,3.0,3.92,1.0,0.0,2122,-7.03125,54,12.08
2021-07-16 11:23:47,23.035299,120.23842,33.0,700,0,3.1,3.92,1.0,0.0,2122,-7.03125,54,12.0
2021-07-16 11:23:48,23.035299,120.23842,32.0,688,0,3.1,3.92,1.0,0.0,2122,-7.03125,54,11.92
2021-07-16 11:23:50,23.035301,120.23844,33.0,713,0,3.3,3.92,1.0,0.0,2122,-7.03125,54,12.08
2021-07-16 11:23:52,23.035301,120.23844,33.0,713,0,3.0,3.92,1.0,0.0,2122,-7.03125,54,12.08
2021-07-16 11:23:53,23.035301,120.23844,33.0,713,0,7.6,3.92,1.00787402,18.43,2122,-7.03125,54,12.72
2021-07-16 11:23:55,23.035292,120.23846,39.0,1013,6,4.5,5.88,0.99224806,4.71,2122,-5.46875,55,12.08
2021-07-16 11:23:57,23.035292,120.23846,31.0,1088,6,5.6,5.1,1.0,8.63,2122,-5.46875,55,12.0
2021-07-16 11:23:58,23.035292,120.23846,31.0,1363,10,18.3,21.18,0.99224806,35.69,2122,-4.6875,55,12.24
2021-07-16 11:24:00,23.0352,120.23853,81.0,2038,18,15.8,26.67,1.0,19.61,2122,-3.90625,56,12.08
2021-07-16 11:24:02,23.0352,120.23853,62.0,1638,26,14.8,15.29,1.0,19.22,2122,-3.90625,56,12.96
2021-07-16 11:24:03,23.0352,120.23853,65.0,1588,30,4.0,7.45,0.99224806,0.0,2122,-5.46875,56,14.0
2021-07-16 11:24:06,23.0352,120.23853,19.0,1350,26,3.3,4.31,0.8707483,4.31,2123,-5.46875,57,13.04
2021-07-16 11:24:07,23.0352,120.23853,18.0,1300,22,13.9,16.86,1.12280702,18.82,2123,-7.03125,56,12.96
2021-07-16 11:24:09,23.0352,120.23853,72.0,1575,28,4.5,3.53,0.0,0.0,2123,-5.46875,56,13.52
2021-07-16 11:24:10,23.0352,120.23853,25.0,975,26,4.7,6.67,0.99224806,0.0,2123,-5.46875,56,13.12
2021-07-16 11:24:12,23.034576,120.23902,29.0,1013,14,3.5,4.71,0.99224806,0.0,2123,-7.03125,56,12.24
2021-07-16 11:24:14,23.034576,120.23902,27.0,925,12,5.6,4.31,1.00787402,14.12,2123,-5.46875,56,12.56
2021-07-16 11:24:15,23.034576,120.23902,60.0,1950,14,17.5,15.29,0.99224806,24.71,2123,-3.90625,56,12.08
2021-07-16 11:24:17,23.034433,120.23915,61.0,2063,18,3.4,12.55,1.0,0.0,2123,-5.46875,56,11.92
2021-07-16 11:24:19,23.034433,120.23915,25.0,875,20,3.6,4.31,0.99224806,0.0,2123,-7.03125,56,12.08
2021-07-16 11:24:20,23.034433,120.23915,27.0,950,18,4.4,4.31,1.0,9.02,2123,-5.46875,56,12.56
2021-07-16 11:24:22,23.034245,120.23931,47.0,1675,18,10.3,10.98,1.0,15.29,2123,-6.25,56,12.96
2021-07-16 11:24:24,23.034245,120.23931,47.0,1450,22,10.2,10.98,1.00787402,15.29,2123,-6.25,56,12.96
2021-07-16 11:24:25,23.034245,120.23931,52.0,1363,26,2.8,3.92,0.99224806,0.0,2123,-5.46875,57,13.04
2021-07-16 11:24:28,23.034245,120.23931,18.0,1250,24,8.7,7.84,1.024,10.98,2123,-5.46875,57,13.04
2021-07-16 11:24:29,23.034245,120.23931,53.0,1288,24,8.6,10.2,1.024,10.2,2123,-6.25,57,12.96
2021-07-16 11:24:31,23.034245,120.23931,51.0,1263,26,3.8,5.49,1.0,0.0,2123,-7.03125,57,12.72
2021-07-16 11:24:32,23.034245,120.23931,27.0,1000,26,3.4,4.31,1.024,0.0,2123,-7.03125,57,12.16
2021-07-16 11:24:34,23.034245,120.23931,25.0,950,24,9.2,4.31,1.024,14.51,2123,-6.25,57,12.96
2021-07-16 11:24:36,23.034245,120.23931,36.0,1175,24,4.0,5.1,1.024,0.0,2123,-5.46875,57,12.8
2021-07-16 11:24:37,23.034245,120.23931,30.0,913,22,3.4,4.71,1.024,0.0,2123,-7.03125,57,12.16
2021-07-16 11:24:39,23.034245,120.23931,26.0,1000,20,3.1,3.92,0.99224806,0.0,2123,-7.03125,57,12.0
2021-07-16 11:24:40,23.034245,120.23931,26.0,888,14,3.3,4.31,0.99224806,0.0,2123,-7.03125,57,12.08
2021-07-16 11:24:42,23.034245,120.23931,29.0,913,12,3.8,4.71,1.0,0.0,2123,-7.03125,57,12.0
2021-07-16 11:24:44,23.034245,120.23931,38.0,763,4,3.8,5.1,0.99224806,0.0,2123,-7.03125,57,12.0
2021-07-16 11:24:45,23.034245,120.23931,38.0,750,0,3.5,5.1,1.0,0.0,2123,-7.03125,57,12.0
2021-07-16 11:24:47,23.034245,120.23931,38.0,738,0,3.4,4.71,1.0,0.0,2123,-7.03125,57,12.08
2021-07-16 11:24:49,23.033249,120.24007,36.0,725,0,3.3,4.71,1.00787402,0.0,2123,-7.03125,57,12.08
2021-07-16 11:24:51,23.033249,120.24007,36.0,725,0,3.6,4.71,1.00787402,0.0,2123,-7.03125,57,12.16
2021-07-16 11:24:52,23.033249,120.24007,36.0,725,0,3.3,4.71,1.00787402,0.0,2123,-7.03125,57,11.92
2021-07-16 11:24:54,23.033247,120.24007,36.0,713,0,3.4,4.71,1.0,0.0,2123,-7.03125,57,12.32
2021-07-16 11:24:56,23.033247,120.24007,37.0,713,0,3.7,4.71,1.0,0.0,2123,-7.03125,57,12.48
2021-07-16 11:24:57,23.033247,120.24007,39.0,700,0,3.6,4.71,1.0,0.0,2123,-7.03125,57,12.64
2021-07-16 11:24:59,23.033251,120.24007,39.0,713,0,3.9,5.1,1.0,0.0,2123,-7.03125,57,12.56
2021-07-16 11:25:01,23.033251,120.24007,40.0,713,0,3.7,5.1,1.0,0.0,2123,-7.03125,57,12.96
2021-07-16 11:25:02,23.033251,120.24007,41.0,700,0,3.7,5.1,1.0,0.0,2123,-7.03125,58,12.96
2021-07-16 11:25:04,23.033251,120.24007,42.0,700,0,3.8,5.1,1.0,0.0,2123,-7.03125,58,12.88
2021-07-16 11:25:06,23.033251,120.24007,42.0,738,0,3.9,4.71,1.00787402,0.0,2123,-7.03125,58,13.12
2021-07-16 11:25:07,23.033251,120.24007,40.0,713,0,3.6,4.71,1.0,0.0,2123,-7.03125,58,13.04
2021-07-16 11:25:09,23.033253,120.24007,40.0,700,0,3.9,4.71,1.0,0.0,2123,-7.03125,58,12.88
2021-07-16 11:25:11,23.033253,120.24007,40.0,725,0,3.6,4.71,1.0,0.0,2123,-7.03125,58,13.04
2021-07-16 11:25:13,23.033253,120.24007,39.0,700,0,3.5,4.71,1.00787402,0.0,2123,-7.03125,58,13.04
2021-07-16 11:25:15,23.033253,120.24007,39.0,713,0,3.7,4.71,1.0,0.0,2123,-7.03125,58,13.12
2021-07-16 11:25:16,23.033253,120.24007,39.0,713,0,3.7,4.71,1.0,0.0,2123,-7.03125,58,13.2
2021-07-16 11:25:18,23.033253,120.24007,39.0,700,0,3.8,4.71,1.00787402,0.0,2123,-7.03125,58,12.96
2021-07-16 11:25:20,23.033253,120.24007,39.0,713,0,3.5,4.71,1.0,0.0,2123,-7.03125,58,13.04
2021-07-16 11:25:21,23.033253,120.24007,39.0,713,0,3.7,4.71,1.01587302,0.0,2123,-7.03125,59,12.88
2021-07-16 11:25:23,23.033253,120.24007,39.0,725,0,3.7,4.71,1.00787402,0.0,2123,-7.03125,59,12.8
2021-07-16 11:25:25,23.033253,120.24007,39.0,688,0,4.0,5.49,1.0,4.71,2123,-7.03125,59,13.04
2021-07-16 11:25:26,23.033253,120.24007,50.0,1138,2,10.3,10.2,1.01587302,20.39,2123,-6.25,59,12.96
2021-07-16 11:25:28,23.03322,120.24009,56.0,1488,8,14.0,12.94,1.0,19.22,2123,-3.90625,59,13.04
2021-07-16 11:25:30,23.03322,120.24009,63.0,1488,18,12.3,12.16,1.00787402,24.71,2123,-6.25,59,13.12
2021-07-16 11:25:31,23.03322,120.24009,79.0,1613,20,29.9,25.88,1.00787402,44.71,2123,-1.5625,59,13.12
2021-07-16 11:25:33,23.033045,120.23992,87.0,2738,34,34.2,47.06,1.0,31.76,2123,-0.78125,58,13.04
2021-07-16 11:25:35,23.033045,120.23992,74.0,3125,46,27.7,23.14,0.99224806,4.31,2123,-1.5625,56,13.76
2021-07-16 11:25:37,23.03281,120.23958,15.0,2375,48,3.6,4.71,0.8707483,5.88,2123,-5.46875,56,13.04
2021-07-16 11:25:39,23.03281,120.23958,12.0,1225,46,5.5,6.27,1.00787402,7.06,2123,-5.46875,56,13.12
2021-07-16 11:25:40,23.03281,120.23958,31.0,1238,46,6.4,6.27,1.0,7.45,2123,-5.46875,56,13.04
2021-07-16 11:25:42,23.032499,120.23904,38.0,1250,46,4.0,5.1,0.0,0.0,2123,-6.25,56,14.56
2021-07-16 11:25:44,23.032499,120.23904,24.0,1225,44,4.1,5.1,0.0,0.0,2123,-6.25,56,14.48
2021-07-16 11:25:45,23.032499,120.23904,24.0,1250,40,4.1,5.1,0.0,0.0,2123,-6.25,56,14.48
2021-07-16 11:25:47,23.032225,120.23851,23.0,1250,38,4.1,5.1,0.0,0.0,2123,-6.25,56,14.48
2021-07-16 11:25:49,23.032225,120.23851,23.0,1213,34,4.1,5.1,0.0,0.0,2123,-6.25,56,13.92
2021-07-16 11:25:50,23.032225,120.23851,26.0,1013,30,3.1,5.49,1.12280702,0.0,2123,-6.25,57,13.68
2021-07-16 11:25:52,23.032015,120.23811,22.0,988,22,2.9,3.53,1.12280702,0.0,2123,-6.25,57,12.88
2021-07-16 11:25:54,23.032015,120.23811,19.0,1075,16,2.7,3.14,1.12280702,0.0,2123,-6.25,57,12.4
2021-07-16 11:25:55,23.032015,120.23811,18.0,825,8,2.7,3.53,1.12280702,0.0,2123,-7.03125,57,12.32
2021-07-16 11:25:58,23.032015,120.23811,25.0,738,4,3.9,4.71,0.99224806,0.0,2123,-7.03125,57,12.08
2021-07-16 11:25:59,23.032015,120.23811,36.0,750,0,3.4,4.31,0.99224806,0.0,2123,-7.03125,57,12.08
2021-07-16 11:26:01,23.032015,120.23811,33.0,725,0,9.3,4.31,1.00787402,22.75,2123,-6.25,57,12.96
2021-07-16 11:26:02,23.032015,120.23811,47.0,1800,8,19.0,18.04,1.0,31.37,2123,-3.90625,56,12.16
2021-07-16 11:26:04,23.031891,120.23786,72.0,2050,16,4.1,18.04,0.99224806,0.0,2123,-6.25,57,12.08
2021-07-16 11:26:06,23.031891,120.23786,47.0,963,20,4.5,4.31,0.99224806,9.8,2123,-6.25,57,12.48
2021-07-16 11:26:07,23.031891,120.23786,47.0,1488,20,20.4,13.73,1.00787402,34.51,2123,-3.90625,57,12.08
2021-07-16 11:26:09,23.031755,120.23761,72.0,2288,26,18.1,16.08,1.00787402,25.49,2123,-3.90625,58,12.08
2021-07-16 11:26:11,23.031755,120.23761,58.0,2188,30,7.4,13.33,0.99224806,12.16,2123,-6.25,58,12.96
2021-07-16 11:26:12,23.031755,120.23761,27.0,1263,32,3.6,11.76,1.0,0.0,2123,-6.25,58,14.48
2021-07-16 11:26:14,23.031553,120.23729,22.0,1463,30,3.3,4.31,0.8707483,9.41,2123,-6.25,58,13.12
2021-07-16 11:26:16,23.031553,120.23729,18.0,1500,28,18.8,29.41,1.024,23.53,2123,-3.125,58,13.04
2021-07-16 11:26:17,23.031553,120.23729,62.0,1700,30,8.8,7.45,1.024,9.8,2123,-6.25,57,13.12
2021-07-16 11:26:19,23.031553,120.23729,51.0,1250,32,6.5,9.8,1.024,7.45,2123,-6.25,57,13.12
2021-07-16 11:26:21,23.031281,120.23676,39.0,1225,32,7.2,7.45,1.024,9.02,2123,-6.25,57,13.04
2021-07-16 11:26:23,23.031281,120.23676,47.0,1250,34,6.1,8.63,0.99224806,7.45,2123,-6.25,57,12.96
2021-07-16 11:26:24,23.031281,120.23676,38.0,1250,34,7.3,7.84,1.0,8.63,2123,-6.25,56,13.12
2021-07-16 11:26:26,23.031057,120.23634,45.0,1250,36,7.9,9.02,1.0,9.41,2123,-6.25,56,13.12
2021-07-16 11:26:28,23.031057,120.23634,47.0,1263,36,3.5,8.24,1.0,0.0,2123,-6.25,56,14.24
2021-07-16 11:26:29,23.031057,120.23634,35.0,1238,36,2.8,3.53,0.8707483,3.14,2123,-6.25,56,13.36
2021-07-16 11:26:31,23.030827,120.23591,16.0,1275,34,5.2,4.71,1.024,10.98,2123,-6.25,56,13.04
2021-07-16 11:26:33,23.030827,120.23591,23.0,1300,36,3.0,9.8,1.024,0.0,2123,-6.25,56,14.48
2021-07-16 11:26:34,23.030827,120.23591,24.0,1288,36,4.4,5.49,0.8707483,7.45,2123,-6.25,56,13.52
2021-07-16 11:26:36,23.030603,120.23552,26.0,1350,34,13.4,15.29,1.12280702,16.08,2123,-6.25,55,12.96
2021-07-16 11:26:38,23.030603,120.23552,71.0,1438,36,11.5,14.9,0.99224806,12.94,2123,-6.25,55,13.12
2021-07-16 11:26:39,23.030603,120.23552,63.0,1288,40,9.9,11.37,0.99224806,12.16,2123,-6.25,55,13.04
2021-07-16 11:26:41,23.030603,120.23552,58.0,1250,42,9.5,11.37,0.99224806,12.16,2123,-6.25,55,13.04
2021-07-16 11:26:43,23.030603,120.23552,60.0,1225,44,9.4,10.98,1.0,11.76,2123,-6.25,54,13.12
2021-07-16 11:26:45,23.030119,120.23461,58.0,1250,46,9.4,10.98,1.0,9.8,2123,-5.46875,54,13.52
2021-07-16 11:26:47,23.030119,120.23461,37.0,1225,48,2.9,4.71,0.8707483,3.14,2123,-6.25,54,13.36
2021-07-16 11:26:48,23.030119,120.23461,18.0,1288,46,3.8,4.71,1.024,5.49,2123,-6.25,55,13.04
2021-07-16 11:26:50,23.029821,120.23404,20.0,1238,46,4.0,5.1,1.024,5.49,2123,-6.25,55,13.04
2021-07-16 11:26:52,23.029821,120.23404,22.0,1250,46,4.3,5.49,1.024,5.88,2123,-5.46875,55,13.04
2021-07-16 11:26:53,23.029821,120.23404,28.0,1238,46,6.5,6.67,1.024,9.8,2123,-5.46875,54,13.04
2021-07-16 11:26:55,23.029516,120.23351,37.0,1275,48,10.8,12.16,1.024,14.51,2123,-5.46875,54,13.04
2021-07-16 11:26:57,23.029516,120.23351,67.0,1300,48,11.7,12.94,0.99224806,13.73,2124,-5.46875,53,13.04
2021-07-16 11:26:58,23.029516,120.23351,67.0,1300,50,11.2,12.94,1.0,14.12,2124,-5.46875,53,13.04
2021-07-16 11:27:00,23.029177,120.23296,65.0,1288,52,3.7,12.94,1.0,0.0,2124,-5.46875,53,14.56
2021-07-16 11:27:02,23.029177,120.23296,32.0,1225,52,3.0,4.31,0.0,0.0,2124,-5.46875,53,14.48
2021-07-16 11:27:04,23.028868,120.23255,15.0,1250,48,2.6,3.53,0.0,0.0,2124,-5.46875,53,14.56
2021-07-16 11:27:06,23.028868,120.23255,15.0,1263,46,2.7,3.53,0.0,0.0,2124,-5.46875,54,14.56
2021-07-16 11:27:07,23.028868,120.23255,15.0,1250,46,2.7,3.53,0.0,0.0,2124,-5.46875,54,14.56
2021-07-16 11:27:09,23.028568,120.23193,20.0,1250,42,5.7,5.49,1.12280702,9.02,2124,-5.46875,53,13.04
2021-07-16 11:27:11,23.028568,120.23193,30.0,1300,42,8.4,9.02,1.12280702,10.59,2124,-5.46875,53,12.96
2021-07-16 11:27:12,23.028568,120.23193,49.0,1263,44,3.7,5.1,0.0,0.0,2124,-5.46875,53,14.48
2021-07-16 11:27:14,23.028267,120.23141,23.0,1238,42,3.7,4.71,0.0,0.0,2124,-5.46875,53,14.48
2021-07-16 11:27:16,23.028267,120.23141,20.0,1238,38,3.5,4.31,0.0,0.0,2124,-5.46875,53,14.56
2021-07-16 11:27:17,23.028267,120.23141,20.0,1238,36,3.7,4.71,0.0,0.0,2124,-5.46875,53,14.56
2021-07-16 11:27:19,23.027998,120.231,16.0,1250,32,2.7,3.53,0.0,0.0,2124,-5.46875,53,14.48
2021-07-16 11:27:21,23.027998,120.231,15.0,1213,26,2.8,3.53,0.0,0.0,2124,-5.46875,53,13.92
2021-07-16 11:27:22,23.027998,120.231,35.0,1275,18,4.1,5.49,1.12280702,0.0,2124,-5.46875,53,13.84
2021-07-16 11:27:24,23.027826,120.23073,28.0,925,14,5.7,4.71,1.12280702,6.67,2124,-5.46875,53,13.04
2021-07-16 11:27:26,23.027826,120.23073,31.0,1213,14,6.7,6.27,1.12280702,10.59,2124,-6.25,53,13.04
2021-07-16 11:27:28,23.027739,120.23061,55.0,1763,18,12.2,12.55,0.99224806,17.25,2124,-3.90625,52,13.04
2021-07-16 11:27:30,23.027739,120.23061,49.0,1688,20,9.5,12.16,0.99224806,12.94,2124,-5.46875,53,12.96
2021-07-16 11:27:31,23.027739,120.23061,56.0,1325,26,12.8,12.16,0.99224806,23.92,2124,-5.46875,53,13.04
2021-07-16 11:27:33,23.027586,120.23029,68.0,1650,28,13.8,14.12,1.00787402,21.57,2124,-3.125,53,13.04
2021-07-16 11:27:35,23.027586,120.23029,60.0,1613,34,13.6,13.73,1.0,21.18,2124,-3.125,53,13.12
2021-07-16 11:27:36,23.027586,120.23029,64.0,1588,38,14.0,14.12,1.0,20.78,2124,-3.90625,52,13.12
2021-07-16 11:27:38,23.027315,120.22987,66.0,1425,42,4.6,7.06,0.99224806,0.0,2124,-6.25,52,14.56
2021-07-16 11:27:40,23.027315,120.22987,26.0,1188,40,3.7,4.31,0.0,0.0,2124,-6.25,52,14.48
2021-07-16 11:27:41,23.027315,120.22987,22.0,1263,38,5.3,6.27,1.12280702,6.27,2124,-6.25,52,13.04
2021-07-16 11:27:43,23.027006,120.22943,29.0,1288,38,5.3,6.27,1.12280702,6.27,2124,-6.25,52,12.96
2021-07-16 11:27:45,23.027006,120.22943,30.0,1238,36,7.5,8.63,1.12280702,9.41,2124,-6.25,52,13.04
2021-07-16 11:27:46,23.027006,120.22943,46.0,1263,38,8.0,9.41,0.99224806,10.2,2124,-6.25,52,12.96
2021-07-16 11:27:48,23.026707,120.22901,47.0,1263,38,7.6,9.02,0.99224806,10.2,2124,-6.25,52,12.96
2021-07-16 11:27:50,23.026707,120.22901,45.0,1250,40,2.5,3.14,0.0,0.0,2124,-6.25,52,14.48
2021-07-16 11:27:52,23.026453,120.22867,13.0,1238,38,2.4,3.14,0.8707483,3.53,2124,-6.25,53,13.36
2021-07-16 11:27:54,23.026453,120.22867,13.0,1250,36,3.8,5.1,1.12280702,6.27,2124,-6.25,53,12.48
2021-07-16 11:27:55,23.026453,120.22867,24.0,1250,36,6.1,6.67,1.12280702,7.45,2124,-6.25,52,12.16
2021-07-16 11:27:57,23.026148,120.2283,34.0,1250,38,6.4,7.45,1.12280702,8.24,2124,-5.46875,52,12.08
2021-07-16 11:27:59,23.026148,120.2283,30.0,1213,38,3.2,3.92,0.0,0.0,2124,-5.46875,52,12.16
2021-07-16 11:28:00,23.026148,120.2283,17.0,1225,36,2.9,3.92,0.0,0.0,2124,-5.46875,53,12.0
2021-07-16 11:28:02,23.02585,120.22794,16.0,1213,32,2.8,3.14,0.0,0.0,2124,-5.46875,53,14.48
2021-07-16 11:28:04,23.02585,120.22794,15.0,1238,30,4.2,5.49,0.8707483,0.0,2124,-5.46875,53,13.84
2021-07-16 11:28:05,23.02585,120.22794,30.0,1063,26,4.4,5.49,1.12280702,0.0,2124,-5.46875,52,13.12
2021-07-16 11:28:07,23.025629,120.22765,28.0,1038,26,3.3,4.31,1.12280702,0.0,2124,-5.46875,52,12.4
2021-07-16 11:28:09,23.025629,120.22765,23.0,975,22,3.2,3.92,1.12280702,0.0,2124,-7.03125,52,12.16
2021-07-16 11:28:10,23.025629,120.22765,23.0,938,18,2.9,3.92,1.12280702,0.0,2124,-7.03125,52,12.16
2021-07-16 11:28:13,23.025629,120.22765,24.0,875,12,3.1,3.92,0.98461538,0.0,2124,-7.03125,52,12.0
2021-07-16 11:28:14,23.025629,120.22765,27.0,700,2,3.4,4.31,0.99224806,0.0,2124,-7.03125,52,12.08
2021-07-16 11:28:16,23.02545,120.22733,34.0,700,0,3.1,3.92,1.0,0.0,2124,-7.03125,52,12.08
2021-07-16 11:28:18,23.02545,120.22733,32.0,688,0,3.0,3.92,1.0,0.0,2124,-7.03125,52,11.92
2021-07-16 11:28:19,23.02545,120.22733,32.0,688,0,2.9,3.92,1.00787402,0.0,2124,-7.03125,53,12.0
2021-07-16 11:28:21,23.02545,120.22733,32.0,738,0,3.0,4.31,1.00787402,0.0,2124,-7.03125,53,12.08
2021-07-16 11:28:23,23.02545,120.22733,33.0,725,0,3.3,4.31,1.00787402,0.0,2124,-7.03125,53,12.08
2021-07-16 11:28:24,23.02545,120.22733,32.0,725,0,3.2,3.92,1.00787402,0.0,2124,-7.03125,53,11.92
2021-07-16 11:28:26,23.025457,120.2273,33.0,725,0,3.0,3.92,1.00787402,0.0,2124,-7.03125,53,12.0
2021-07-16 11:28:28,23.025457,120.2273,32.0,700,0,3.2,3.92,1.00787402,0.0,2124,-7.03125,53,12.08
2021-07-16 11:28:29,23.025457,120.2273,32.0,713,0,8.1,3.92,1.00787402,18.43,2124,-5.46875,53,12.88
2021-07-16 11:28:31,23.025457,120.2273,56.0,1550,8,13.7,14.12,0.99224806,23.53,2124,-3.90625,53,12.96
2021-07-16 11:28:33,23.025457,120.2273,61.0,1688,14,8.7,10.2,1.0,11.37,2124,-5.46875,53,12.96
2021-07-16 11:28:35,23.025457,120.2273,24.0,1200,16,2.9,3.92,0.99224806,0.0,2124,-7.03125,53,12.56
2021-07-16 11:28:36,23.025457,120.2273,21.0,1025,16,2.2,3.14,0.98461538,0.0,2124,-7.03125,54,12.32
2021-07-16 11:28:38,23.025305,120.22707,19.0,913,10,2.2,2.75,0.99224806,0.0,2124,-7.03125,54,12.24
2021-07-16 11:28:40,23.025305,120.22707,19.0,813,6,2.2,2.75,0.99224806,0.0,2124,-7.03125,54,12.08
2021-07-16 11:28:41,23.025305,120.22707,24.0,625,2,3.6,2.35,1.0,0.0,2124,-7.03125,54,11.84
2021-07-16 11:28:43,23.025293,120.22695,35.0,663,2,3.1,3.92,1.0,0.0,2124,-7.03125,55,11.92
2021-07-16 11:28:45,23.025293,120.22695,33.0,638,0,2.7,3.53,1.00787402,0.0,2124,-7.03125,55,12.0
2021-07-16 11:28:46,23.025293,120.22695,31.0,625,0,2.7,3.53,1.0,0.0,2124,-7.03125,55,12.0
2021-07-16 11:28:48,23.02529,120.22691,31.0,650,0,2.8,3.53,1.00787402,0.0,2124,-7.03125,55,11.92
2021-07-16 11:28:50,23.02529,120.22691,32.0,663,0,3.2,3.53,1.00787402,0.0,2124,-7.03125,55,12.0
2021-07-16 11:28:51,23.02529,120.22691,33.0,713,2,3.2,4.31,1.0,4.31,2124,-7.03125,55,12.0
2021-07-16 11:28:53,23.025293,120.22688,34.0,813,4,11.7,7.45,1.00787402,21.57,2124,-5.46875,55,12.96
2021-07-16 11:28:55,23.025293,120.22688,53.0,1638,14,10.2,11.37,0.99224806,14.51,2124,-5.46875,55,12.96
2021-07-16 11:28:57,23.025372,120.22678,50.0,1313,20,4.0,10.2,0.99224806,0.0,2124,-5.46875,55,12.96
2021-07-16 11:28:59,23.025372,120.22678,30.0,1200,22,3.8,5.1,0.99224806,0.0,2124,-7.03125,55,12.56
2021-07-16 11:29:00,23.025372,120.22678,31.0,1000,22,2.3,3.14,1.0,0.0,2124,-5.46875,55,12.16
2021-07-16 11:29:02,23.025583,120.22661,17.0,950,22,2.3,2.35,1.00787402,0.0,2124,-7.03125,56,12.16
2021-07-16 11:29:04,23.025583,120.22661,19.0,850,16,2.2,2.75,1.00787402,0.0,2124,-7.03125,56,12.0
2021-07-16 11:29:05,23.025583,120.22661,19.0,838,10,2.3,2.75,1.00787402,0.0,2124,-7.03125,56,12.08
2021-07-16 11:29:07,23.025728,120.22652,20.0,775,4,3.6,4.71,1.0,0.0,2124,-7.03125,56,12.24
2021-07-16 11:29:09,23.025728,120.22652,37.0,650,2,3.0,4.71,1.0,0.0,2124,-7.03125,56,12.0
2021-07-16 11:29:10,23.025728,120.22652,39.0,638,2,2.7,3.53,1.00787402,0.0,2124,-7.03125,56,12.08
2021-07-16 11:29:12,23.025763,120.2265,33.0,638,2,3.1,3.92,1.00787402,0.0,2124,-7.03125,56,11.92
2021-07-16 11:29:14,23.025763,120.2265,33.0,663,0,3.0,3.92,1.00787402,0.0,2124,-7.03125,56,12.24
2021-07-16 11:29:15,23.025763,120.2265,34.0,700,0,3.5,4.31,1.00787402,0.0,2124,-7.03125,56,12.0
2021-07-16 11:29:17,23.02578,120.22649,36.0,688,0,3.6,4.71,1.0,0.0,2124,-7.03125,56,12.4
2021-07-16 11:29:19,23.02578,120.22649,38.0,713,0,3.4,4.71,1.00787402,0.0,2124,-6.25,56,12.48
2021-07-16 11:29:21,23.025785,120.22649,33.0,813,0,3.6,4.71,1.0,0.0,2124,-6.25,56,12.56
2021-07-16 11:29:23,23.025785,120.22649,33.0,813,0,3.6,4.71,1.0,0.0,2124,-6.25,56,12.8
2021-07-16 11:29:24,23.025785,120.22649,33.0,800,0,3.5,4.71,1.0,0.0,2124,-6.25,56,12.8
2021-07-16 11:29:26,23.025789,120.22648,33.0,775,0,3.5,4.31,1.0,0.0,2124,-6.25,56,12.96
2021-07-16 11:29:28,23.025789,120.22648,33.0,788,0,3.3,4.31,1.01587302,0.0,2124,-6.25,56,13.04
2021-07-16 11:29:29,23.025789,120.22648,33.0,788,0,3.2,4.31,1.01587302,0.0,2124,-6.25,56,13.04
2021-07-16 11:29:31,23.025793,120.22647,32.0,763,0,3.4,4.31,1.00787402,0.0,2124,-6.25,56,13.12
